"Sheet Name","Site Reference","Name","Job Reference","Project Type"
"01. Enquiries","","Lynn Maguire","P2498","Private"
"01. Enquiries","","Marie Fox - Declan Fox","P2496","Private"
"01. Enquiries","","Lisa Maguire","P2490","Private"
"01. Enquiries","","Rehan","P2462","Private"
"01. Enquiries","","Mary Kane","P2447","Private"
"01. Enquiries","","Monika","P2418","Private"
"01. Enquiries","","Tony O Reilly ( Breffini Couriers )","P2378","Private"
"01. One Off Commercial Enquiries","","Conor Hanna","V0299",""
"01. One Off Commercial Enquiries","","Block 4B Lusk - Fajon","V0271",""
"01. One Off Commercial Enquiries","","Ardeevin Lucan Housing - Ganson","V0270",""
"01. One Off Commercial Enquiries","","Ashbrook Residental - Ganson","V0269",""
"01. One Off Commercial Enquiries","","RSA House Sandyford - CGDM Group","V0268",""
"01. One Off Commercial Enquiries","","Lady Of Lourdes Hostipal, Drogheda - Gareth Rothwell","V0267",""
"01. One Off Commercial Enquiries","","John Mcdonald - Paul Brady","V0263",""
"01. One Off Commercial Enquiries","","Reception Desk - Buildcost","V0261",""
"01. One Off Commercial Enquiries","","Kingspan Office Refurbishment - CGDM","V0260",""
"01. One Off Commercial Enquiries","","AXA Life WTH Dublin","V0259",""
"01. One Off Commercial Enquiries","","Marlmount Phase 6: Wardrobe Tender","V0258",""
"01. One Off Commercial Enquiries","","Tulsa Offices Dundalk - Finosh Construction","V0257",""
"01. One Off Commercial Enquiries","","Newtown Park Care Home - CGDM Group","V0256",""
"01. One Off Commercial Enquiries","","Cherrywood Appartments Kitchens - Sara Cosgrove","V0255",""
"01. One Off Commercial Enquiries","","Garters Lane - Mitchell McDermott","V0254",""
"01. One Off Commercial Enquiries","","Breffni Insulation - Westmeath HP Cabinet","V0253",""
"01. One Off Commercial Enquiries","","Linham - TU Dublin","V0249",""
"01. One Off Commercial Enquiries","","Brian Sewell - Dessie Brady","V0242",""
"01. One Off Commercial Enquiries","","Fintan Smith - HSA Corlurgan","V0230",""
"01. One Off Commercial Enquiries","","Fintan Smith - HSE Kilmore","V0229",""
"01. One Off Commercial Enquiries","","Noel Conway - Space 21","V0227",""
"01. One Off Commercial Enquiries","","Fajon Lusk raheny lane","V0225",""
"01. One Off Commercial Enquiries","","Fajon dundalk the beech 3 bed semi detached","V0223",""
"01. One Off Commercial Enquiries","","Dundalk the willow 4 bed detached","V0222",""
"02. For Measuring","","Niamh Flannery","P2361",""
"02. For Measuring","","David Preston","P2444",""
"02. For Measuring","","Showroom In-Frame Kitchen","P2448",""
"02. For Measuring","","Frances McDonald","P2451",""
"02. For Measuring","","Mick McCartan","P2461",""
"02. For Measuring","","Trave","P2467",""
"02. For Measuring","","Kyran Diegan","P2474",""
"02. For Measuring","","Andy Slowey","P2480",""
"02. For Measuring","","Barry (McCabe Group)","P2481",""
"02. For Measuring","","Oonagh Gaffney","P2485",""
"02. For Measuring","","Bernadette Little","P2489",""
"02. For Measuring","","Breege Reilly","P2493",""
"02. For Measuring","","Maureen Daly","P2494",""
"02. For Measuring","","Mairead Gibney","P2495",""
"02. For Measuring","","","P0008",""
"03. For Drawing","","Showroom - Kitchen 5","P1357",""
"03. For Drawing","","Showroom - Kitchen 4","P1358",""
"03. For Drawing","","Brian Riely Own House Banhoe","P2248",""
"03. For Drawing","Private","Ruth - Irish Wheelchair Association","V0418",""
"03. For Drawing","","Jennifer Cully","P2301",""
"03. For Drawing","","Jennifer Shiels","P2366",""
"03. For Drawing","","Michael Hammick - Virginia Dental Care","P2372",""
"03. For Drawing","","Rose O'Farrell","P2375",""
"03. For Drawing","","Micheal Fitzpatrick own house","P2327",""
"03. For Drawing","","Carol Kerr","P2389",""
"03. For Drawing","","Conor Spenser","P2402",""
"03. For Drawing","","Gary Sexton","P2390",""
"03. For Drawing","","Fred & Damien Rudden","P2399",""
"03. For Drawing","","Tom Fitzpatrick","P2413",""
"03. For Drawing","","Eimear Denning","P2437",""
"03. For Drawing","","Stephen Shanley (Mountain Lodge Plumping)","P2412",""
"03. For Drawing","","Martina Nelson","P2341",""
"03. For Drawing","Private","Enable Ireland - Pool","V0438",""
"03. For Drawing","","Shauna McManus","P2440",""
"03. For Drawing","","Karl Mc Dermot","P2439",""
"03. For Drawing","","Dencil Varghese","P2454",""
"03. For Drawing","","Geraldine McSherry","P2408",""
"03. For Drawing","","Rita Mc Breen","P2455",""
"03. For Drawing","","Ciaran Tierney","P2452",""
"03. For Drawing","","Niall Robson & Majella Sweeney","P2464",""
"03. For Drawing","","Pascal - Roma","P2469",""
"03. For Drawing","","Oliva Fitzsimons ( Brady )","P2476",""
"03. For Drawing","","Cavan Box","P2443",""
"03. For Drawing","","Brian and Annemarie Boylan","P2478",""
"03. For Drawing","","Dennis Meegan","P2483",""
"03. For Drawing","","Shane Kiernan","P2486",""
"03. For Drawing","Creighan Contracts","Dessie brady no12","V0461",""
"03. For Drawing","Creighan Contracts","Dessie brady no13","V0462",""
"03. For Drawing","","Vera fannin","P2491",""
"03. For Drawing","","PÃ¡draig McGahern","P2472",""
"03. For Drawing","","Angela Cassidy","P2499",""
"03. For Drawing","","Sue Connolly","P2500","Private"
"03. For Drawing","Creighan Contracts","Dessie brady No 27 Creighan","V0460",""
"03. For Drawing","","Sue Connolly","P2502",""
"04. Drawing Confirmation","","Mellissa O'Reilly","P2114",""
"04. Drawing Confirmation","","Carmel Coyle ( For Friend )","P2298",""
"04. Drawing Confirmation","","Brain keagan Finglas","P2302",""
"04. Drawing Confirmation","","Carmel Coyle","P2299",""
"04. Drawing Confirmation","","Seamus Reilly ( Reilly Bus Hire )","P2167",""
"04. Drawing Confirmation","","Donie O'Kane","P2251",""
"04. Drawing Confirmation","","Ray & Jennifer Smith","P2396",""
"04. Drawing Confirmation","","Oliva Cullivan","P2280",""
"04. Drawing Confirmation","","Kenneth Rothwell","P2269",""
"04. Drawing Confirmation","","Fiona Nugent","P2421",""
"04. Drawing Confirmation","","Danielle Quigley & Mattie Kirwan","P2426",""
"04. Drawing Confirmation","","Eugene O'Dwyer","P2423",""
"04. Drawing Confirmation","","Aisling Smith","P2434",""
"04. Drawing Confirmation","","Francis Early","P2309",""
"04. Drawing Confirmation","","Shay McCann","P2446",""
"04. Drawing Confirmation","Bennett Construction","Bennetts Canteen Mullingar","V0459",""
"04. Drawing Confirmation","","Veronika Cichovska","P2479",""
"04. Drawing Confirmation","","Lorraine's Barbers","P2266",""
"05. For Pricing","","Derek - Attic Wardrobe","V0272",""
"05. For Pricing","","Derek - Attic Landing","V0288",""
"05. For Pricing","Grant Fit Out","Grant Fit Out - Monaghan Retail Park","V0327",""
"05. For Pricing","Private","RiverTempus","V0333",""
"05. For Pricing","","Yassr Shaar","P2015",""
"05. For Pricing","Grant Fit Out","Grant - Gypsum Office","V0358",""
"05. For Pricing","","Grainne & Gary Johnston","P2136",""
"05. For Pricing","","Michael & Divina O'Rourke","P1437",""
"05. For Pricing","Private","S&A Construction - Crown Plaza Hotel, Blanchardstown","V0382",""
"05. For Pricing","Noel Conway","Noel Conway - Shankill","V0388",""
"05. For Pricing","Grant Fit Out","Grant - Grafton Dental","V0394",""
"05. For Pricing","","Thomasina Larkin","P1591",""
"05. For Pricing","","Millbury nursing home","P2205",""
"05. For Pricing","Bennett Construction","Bennett - Oisin House Hob Remedial","V0423",""
"05. For Pricing","Intec","Intec - Carron's Bar","V0404",""
"05. For Pricing","","Edel donlon","P2148",""
"05. For Pricing","","Patch Corrigan - Unit","P2334",""
"05. For Pricing","","Eamon Brady","P2339",""
"05. For Pricing","RBC","RBC - St Brigid's Terrace Development","V0444",""
"05. For Pricing","","Adrian Cullivan","P2354",""
"05. For Pricing","","Gratian Serban","P2388",""
"05. For Pricing","","Frank Conway","P2409",""
"05. For Pricing","","Catherine Corr","P2430",""
"05. For Pricing","","Pat Tobin","P2484",""
"05. For Pricing","","Padraig & Sinead Kiernan","P2391",""
"05. For Pricing","","Julie Anne","P2487",""
"05. For Pricing","","Aidan Gorman","P2414",""
"05. For Pricing","","Billis Primary School","P2457",""
"06. Waiting For Confirmation","","Deidre Halton","P2080",""
"06. Waiting For Confirmation","","Khristopher Curran","P1338",""
"06. Waiting For Confirmation","","Ciaran & Sarah Lynch","P2236",""
"06. Waiting For Confirmation","","Brian King & Sharon Monaghan","P2162",""
"06. Waiting For Confirmation","Private","Jacqui - Irish Wheelchair Association","V0450",""
"06. Waiting For Confirmation","Private","Ryan Tierney - Ciaran Duffy","V0445",""
"06. Waiting For Confirmation","","Evan Bachtold","P2374",""
"06. Waiting For Confirmation","Private","Seamus Smith - Farnham","V0312",""
"06. Waiting For Confirmation","","Jennifer Cully & Ray Smith","P2411",""
"06. Waiting For Confirmation","","Noeleen McBreen","P1841",""
"06. Waiting For Confirmation","","Ryan Tierney - Mary O'Reilly","P2336",""
"06. Waiting For Confirmation","","Marina Vironos","P2321",""
"06. Waiting For Confirmation","","Fiona Cahill","P2324",""
"06. Waiting For Confirmation","","Jessica Houldsworth","P2249",""
"06. Waiting For Confirmation","","Pat Brien & Siobhan Begley","P2433",""
"06. Waiting For Confirmation","","Lisa Newman","P2241",""
"06. Waiting For Confirmation","Other","Carlinn Developments","V0454",""
"06. Waiting For Confirmation","","Kelly Larkin & Mark Farrelley","P2351",""
"06. Waiting For Confirmation","","Maureen Daly","P2367",""
"06. Waiting For Confirmation","","Christine Kavanagh","P2365",""
"06. Waiting For Confirmation","","Siobhan lynch","P2394",""
"06. Waiting For Confirmation","","Ailish Daly","P2449",""
"06. Waiting For Confirmation","","Carmel Oreily","P2319",""
"06. Waiting For Confirmation","","Patricia Hynes","P2432",""
"06. Waiting For Confirmation","","Noel conway dhl across from fff","P2384",""
"06. Waiting For Confirmation","","Roman - Brian Keogan","P2459",""
"06. Waiting For Confirmation","Other","Raymond Smith","V0458",""
"06. Waiting For Confirmation","","Louise Byrne","P2318",""
"07. Pending Projects","","Charlie Beveridge","P2401",""
"07. Pending Projects","Logical","Logical - Alex Dental","V0437",""
"07. Pending Projects","Private","Aedamer Bergin - Utility - P2293","X0403",""
"07. Pending Projects","","Declan & Ann Quigley","P1908",""
"07. Pending Projects","May Mc guinness","Logical - May McGuinness","V0446",""
"07. Pending Projects","","Lynda Carroll","P2355",""
"07. Pending Projects","","Eugene Gaffney","P1962",""
"07. Pending Projects","","Acquired Brain Injury Ireland","P2377",""
"07. Pending Projects","","Edel O'Reilly - Pipe Arc Ltd","P2311",""
"07. Pending Projects","","Eoin - Hillside","P2477",""
"07. Pending Projects","","Tony finlay","P2369",""
"07. Pending Projects","Arch-I Modular","Arch-I - Duiske","V0463",""
"07. Pending Projects","","Julija Logina","P2329",""
"08. Schedule","Private","Breffini Air","P2497",""
"08. Schedule","Private","Sinead Joyce","P2340",""
"08. Schedule","Private","Caroline McDermott","P2344",""
"08. Schedule","Private","Kieran Cullivan","P2475",""
"08. Schedule","Bennett Construction","Bennett - Penneys Artane","V0453",""
"08. Schedule","Private","Brendan Corrigan","P2381",""
"08. Schedule","Private","Mark Annette Huston","P2488",""
"08. Schedule","Private","Bernard Keating","P2308",""
"08. Schedule","Private","Paula Carroll - Bed 3 & 4","P2265",""
"08. Schedule","Private","Cathal & Rita Rudden","P2400",""
"08. Schedule","Private","Sharon Timmins - Wardrobes - P1819","X0402",""
"08. Schedule","Private","Geraldine Stafford","P2473",""
"08. Schedule","Private","Lorraine Conroy - Niall Donohoe","P2441",""
"08. Schedule","Private","Sharon Lynch","P2134",""
"08. Schedule","Fintan Smith","Fintan Smith - Cavan Credit Union","V0408",""
"08. Schedule","Private","Liam Cooke","P2145",""
"08. Schedule","Private","Angelina O'Reilly - Brook Lodge - David Miller","P2289",""
"08. Schedule","Private","Gary Johnston","P2482",""
"08. Schedule","Private","Sharon Timmins","P1819",""
"08. Schedule","Private","Sharon Nelson","P2190",""
"08. Schedule","Private","Metro Hotel X4 Rooms - Harrow Homes","V0422",""
"08. Schedule","Private","Fionnuuala Gough","P2028",""
"08. Schedule","Private","Brendan Campbell","P2357",""
"08. Schedule","Private","Aedamer Bergin","P2293",""
"08. Schedule","Private","Ciaran Finnegan","P2276",""
"08. Schedule","Private","Ronan Coleman","P2463",""
"08. Schedule","Private","Norbert & June Neylon","P1315",""
"08. Schedule","Private","Grace & Barney Brady","P2246",""
"08. Schedule","Private","Christine Kavanagh","P2425",""
"08. Schedule","Private","Paula O Hara","P2387",""
"08. Schedule","Private","Showroom Kitchen 3","P2201",""
"08. Schedule","Private","Showroom - Wardrobe","P2181",""
"08. Schedule","Private","Kay & Maura smith","P2133",""
"08. Schedule","Private","Breege Reilly","P2352",""
"08. Schedule","Private","Noeleen galligan","P2314",""
"08. Schedule","Private","Noel Conway","P2492",""
"08. Schedule","Private","Vilus - Valdas Friend","P2240",""
"08. Schedule","Private","David O Reilly","P1820",""
"08. Schedule","Bennett Construction","Oisin House - Aongus -  Supply Hobs / Splashbacks","V0449",""
"08. Schedule","Private","Safe Cert - Ply 3 Vans","P2353",""
"08. Schedule","Private","John Mc Donald","P2453",""
"08. Schedule","Private","Agnes Smith","P2438",""
"08. Schedule","Private","Kieran Callaghan","V0409",""
"08. Schedule","Other","Kieran Callaghan","V0452",""
"08. Schedule","Private","Marine View - Apt 17 Outdoor Games Room","P2371",""
"08. Schedule","Private","Charlie Fitz  - Supply Fan Only","P2427",""
"08. Schedule","Private","Valdus - MK Workshop","P2404",""
"08. Schedule","Private","Mary Lee Campling","P2417",""
"08. Schedule","Private","Danny Drysdale doors under stairs","P2358",""
"08. Schedule","Gerard Tormey","Gerry Tormney - Corner Unit","V0443",""
"08. Schedule","Private","Kieran Callaghan - Day Works","P2272",""
"08. Schedule","Private","CHF - Day Works","P2273",""
"08. Schedule","Private","David Smiths Bennett's","P2238",""
"08. Schedule","Private","Sam Hewitt - Togher","V0349",""
"08. Schedule","Private","Mickey Reilly - Glass Top","V0403",""
"08. Schedule","Private","Bounce Back","P2216",""
"08. Schedule","Private","Niall Donohoe  Own House - Supply Only","V0317",""
"08. Schedule","Private","Paddy Sheanon - Ballinagh","P2193",""
"08. Schedule","Fajon","Fajon Charlemont - Meter Box","V0400",""
"08. Schedule","Private","Vivian McCaully - Rad Cover","V0232",""
"08. Schedule","Private","Mary & Dessie Brady","P1609",""
"08. Schedule","Private","Mattie Lough - Utility","P0735",""
"08. Schedule","Private","Claire Rowen","P1784",""
"08. Schedule","Private","Derek - Freezer","V0295",""
"08. Schedule","Private","Declan Mc Kieran","P1753",""
"08. Schedule","Private","Oliver Boylan","P1890",""
"08. Schedule","Private","Brechan McGivney","P1949",""
"08. Schedule","Private","Pawan Rajpal","P0839",""
"08. Schedule","Private","Niall Donohoe","P1952",""
"08. Schedule","Private","Charlie Fitzpatrick","P0908",""
"08. Schedule","Benny Bird - Courier","Benny Bird - Driver Hire","V0457",""
"08. Schedule","Private","Patch Corrigan","P2501","Private"
"08. Schedule","Private","Micheal fiztpatrick house in bulterbrige","P2383",""
"08. Schedule","Private","Martin McEntee & Vanessa Lee","P2094",""
"08. Schedule","FFF - Drawers","FFF - Drawer Bases - PO0078462","V0456",""
"08. Schedule","Private","Breffni Air - PO No 5108","P2315",""
"08. Schedule","FFF - Drawers","FFF - Drawer Bases - PO0078415","V0455",""
"08. Schedule","Dessie Brady","Johnvin Baby - 02 Creighan Manor","V0407",""
"08. Schedule","FFF - Drawers","FFF - Drawer Bases - PO0078317","V0451",""
"08. Schedule","Dessie Brady","Binv Joseph - No. 01 Creighan Manor","V0406",""
"08. Schedule","Gerard Tormey","Wilton Waste Nass - Coffee Dock","V0428",""
"08. Schedule","Private","Pamela Armitige ","P1969",""
"08. Schedule","Private","Fidelm Broderick","P2382",""
"08. Schedule","Bennett Construction","Bennett - Pennys Dundrum","V0401",""
"08. Schedule","FFF - Drawers","FFF - Drawer Bases - PO0078213","V0448",""
"08. Schedule","Arch-I Modular","Arch-I - Killinkere NS","V0442",""
"08. Schedule","FFF - Drawers","FFF - Drawer Bases - PO0078133","V0439",""
"08. Schedule","Dessie Brady","Dessie Brady - No. 11 Creighan Manor","V0385",""
"08. Schedule","Private","Geraldine Cooney","P2112",""
"08. Schedule","Private","Ciaran Guinness","P2196",""
"08. Schedule","Private","Glebe Bedding","V0436",""
"08. Schedule","Private","Ray & Jennifer Smith","P1896",""
"08. Schedule","Arch-I Modular","Arch-I - Granard School","V0416",""
"08. Schedule","FFF - Drawers","FFF - Drawer Bases PO0077996","V0431",""
"08. Schedule","Arch-I Modular","Arch - I  - Milbury Extra's","V0410",""
"08. Schedule","Glebe Bedding","Glebe - J333","V0427",""
"08. Schedule","Private","Susan Gilcreast","P2173",""
"08. Schedule","Private","Gerry Tormey - Wilton Waste","V0379",""
"08. Schedule","Private","Gerry Tormey - Odd Jobs","P2270",""
"08. Schedule","Private","Gerry Tormey - Wilton Nass","P2271",""
"08. Schedule","Private","Gerry Tormey - Virgina Dental Surgery","P2120",""
"08. Schedule","Fajon","Fajon - Charlmont Blk 5 - Concierge Remodel","V0421",""
"08. Schedule","Supply Sample Boards","MVI  Hazel  ( Noel Maguire)","V0425",""
"08. Schedule","Private","No4 ard na greine Pamela","P1881",""
"08. Schedule","Private","Patch Corrigan","P2176",""
"08. Schedule","Private","Glebe Extra Bases","P2218",""
"08. Schedule","Glebe Bedding","Glebe Bedding  PO2923","V0399",""
"08. Schedule","Private","Bennett - Pennys Belfast","V0352",""
"08. Schedule","Private","Gerry Fitz - McCauls","P2169",""
"08. Schedule","Private","Derek Rudden","P1334",""
"08. Schedule","Private","Lusk Station Road - Office","V0213",""
"08. Schedule","","SCD - Charlemont Extra Shelf","V0265",""
"08. Schedule","","Derek Rudden","V0282",""
"08. Schedule","","Virginia National School","V0306",""
"08. Schedule","","MFA - Extra Office Units","P1936",""
"08. Schedule","Private","Fajon Station Rd - Lusk - Make /Supply Worktop","V0343",""
"08. Schedule","Private","Arch Modular - Milbury","V0341",""
"08. Schedule","Private","Derek","P0787",""
"08. Schedule","","Michael Fitzpatrick - Tv Unit","V0287",""
"08. Schedule","","Michael fizpatrick","P1249",""
"08. Schedule","Private","Derek - Frank Rudden","V0361",""
"Chapelizod","Block A","CH-A11-L02","BC143",""
"Chapelizod","Block A","CH-A12-L01","BC144",""
"Chapelizod","Block A","CH-A13-L02","BC145",""
"Chapelizod","Block A","CH-A14-L01","BC146",""
"Chapelizod","Block A","CH-A20-L02","BC152",""
"Chapelizod","Block A","CH-A21-L02","BC153",""
"Chapelizod","Block A","CH-A22-L02","BC154",""
"Chapelizod","Block A","CH-A23-L02","BC155",""
"Chapelizod","Block A","CH-A24-L02","BC156",""
"Chapelizod","Block A","CH-A25-L02","BC157",""
"Chapelizod","Block A","CH-A26-L02","BC158",""
"Chapelizod","Block A","CH-A27-L02","BC159",""
"Chapelizod","Block A","CH-A28-L02","BC160",""
"Chapelizod","Block A","CH-A29-L04","BC161",""
"Chapelizod","Block A","CH-A31-L03","BC162",""
"Chapelizod","Block A","CH-A31-L04","BC163",""
"Chapelizod","Block A","CH-A32-L03","BC164",""
"Chapelizod","Block A","CH-A33-L03","BC165",""
"Chapelizod","Block A","CH-A34-L03","BC166",""
"Chapelizod","Block A","CH-A35-L03","BC167",""
"Chapelizod","Block A","CH-A36-L03","BC168",""
"Chapelizod","Block A","CH-A37-L03","BC169",""
"Chapelizod","Block A","CH-A38-L04","BC170",""
"Chapelizod","Block A","CH-A39-L04","BC171",""
"Chapelizod","Block A","CH-A40-L04","BC172",""
"Chapelizod","Block A","CH-A41-L03","BC173",""
"Chapelizod","Block A","CH-A42-L03","BC174",""
"Chapelizod","Block A","CH-A43-L03","BC175",""
"Chapelizod","Block A","CH-A44-L03","BC176",""
"Chapelizod","Block A","CH-A45-L04","BC177",""
"Chapelizod","Block A","CH-A46-L04","BC178",""
"Chapelizod","Block A","CH-A47-L04","BC179",""
"Chapelizod","Block A","CH-A48-L04","BC180",""
"Chapelizod","Block B","CH-B03-L01","BC055",""
"Chapelizod","Block B","CH-B04-L00","BC056",""
"Chapelizod","Block B","CH-B05-L01","BC057",""
"Chapelizod","Block B","CH-B06-L00","BC058",""
"Chapelizod","Block B","CH-B07-L00","BC059",""
"Chapelizod","Block B","CH-B08-L00","BC060",""
"Chapelizod","Block B","CH-B09-L00","BC061",""
"Chapelizod","Block B","CH-B20-L01","BC072",""
"Chapelizod","Block B","CH-B21-L00","BC073",""
"Chapelizod","Block B","CH-B22-L01","BC074",""
"Chapelizod","Block B","CH-B23-L00","BC075",""
"Chapelizod","Block B","CH-B24-L01","BC076",""
"Chapelizod","Block B","CH-B38-L03","BC090",""
"Chapelizod","Block B","CH-B39-L02","BC091",""
"Chapelizod","Block B","CH-B40-L03","BC092",""
"Chapelizod","Block B","CH-B41-L02","BC093",""
"Chapelizod","Block B","CH-B42-L02","BC094",""
"Chapelizod","Block B","CH-B52-L03","BC104",""
"Chapelizod","Block B","CH-B53-L02","BC105",""
"Chapelizod","Block B","CH-B54-L03","BC106",""
"Chapelizod","Block B","CH-B55-L02","BC107",""
"Chapelizod","Block B","CH-B56-L03","BC108",""
"Chapelizod","Block B","CH-B70-L04","BC122",""
"Chapelizod","Block B","CH-B71-L04","BC123",""
"Chapelizod","Block B","CH-B72-L04","BC124",""
"Chapelizod","Block B","CH-B73-L04","BC125",""
"Chapelizod","Block B","CH-B74-L04","BC126",""
"Chapelizod","Block A","CH-A15-L01","BC147",""
"Chapelizod","Block A","CH-A16-L01","BC148",""
"Chapelizod","Block A","CH-A17-L01","BC149",""
"Chapelizod","Block A","CH-A18-L01","BC150",""
"Chapelizod","Block A","CH-A19-L01","BC151",""
"Chapelizod","Block A","CH-A06-L00","BC138",""
"Chapelizod","Block A","CH-A09-L01","BC141",""
"Chapelizod","Block A","CH-A10-L01","BC142",""
"Chapelizod","Block A","CH-A03-L00","BC135",""
"Chapelizod","Block A","CH-A07-L01","BC139",""
"Chapelizod","Block A","CH-A08-L01","BC140",""
"Chapelizod","Block A","CH-A01-L00","BC133",""
"Chapelizod","Block A","CH-A02-L00","BC134",""
"Chapelizod","Block A","CH-A05-L00","BC137",""
"Chapelizod","Block B","CH-B29-L02 - Duplex","BC081",""
"Chapelizod","Block B","CH-B30-L01 - Duplex","BC082",""
"Chapelizod","Block B","CH-B31-L02 - Duplex","BC083",""
"Chapelizod","Block B","CH-B32-L01 - Duplex","BC084",""
"Chapelizod","Block B","CH-B61-L04 - Duplex","BC113",""
"Chapelizod","Block B","CH-B62-L03 - Duplex","BC114",""
"Chapelizod","Block B","CH-B63-L04 - Duplex","BC115",""
"Chapelizod","Block B","CH-B64-L03 - Duplex","BC116",""
"Chapelizod","Block B","CH-B76-L04","BC128",""
"Chapelizod","Block B","CH-B77-L04","BC129",""
"Chapelizod","Block B","CH-B78-L04","BC130",""
"Chapelizod","Block B","CH-B79-L04","BC131",""
"Chapelizod","Block B","CH-B80-L04","BC132",""
"Chapelizod","Block A","CH-A04-L00 - Sample","BC136",""
"Chapelizod","Block B","CH-B75-L04","BC127",""
"Chapelizod","Block B","CH-B67-L03","BC119",""
"Chapelizod","Block B","CH-B68-L03","BC120",""
"Chapelizod","Block B","CH-B69-L03","BC121",""
"Chapelizod","Block B","CH-B57-L03","BC109",""
"Chapelizod","Block B","CH-B58-L03","BC110",""
"Chapelizod","Block B","CH-B59-L03","BC111",""
"Chapelizod","Block B","CH-B65-L03","BC117",""
"Chapelizod","Block B","CH-B66-L03","BC118",""
"Chapelizod","Block B","CH-B45-L02","BC097",""
"Chapelizod","Block B","CH-B60-L03","BC112",""
"Chapelizod","Block B","CH-B35-L01","BC087",""
"Chapelizod","Block B","CH-B43-L02","BC095",""
"Chapelizod","Block B","CH-B44-L02","BC096",""
"Chapelizod","Block B","CH-B46-L02","BC098",""
"Chapelizod","Block B","CH-B49-L02","BC101",""
"Chapelizod","Block B","CH-B51-L02","BC103",""
"Chapelizod","Block B","CH-B26-L01","BC078",""
"Chapelizod","Block B","CH-B27-L01","BC079",""
"Chapelizod","Block B","CH-B28-L01","BC080",""
"Chapelizod","Block B","CH-B47-L02","BC099",""
"Chapelizod","Block B","CH-B48-L02","BC100",""
"Chapelizod","Block B","CH-B50-L02","BC102",""
"Chapelizod","Block B","CH-B15-L00","BC067",""
"Chapelizod","Block B","CH-B16-L00","BC068",""
"Chapelizod","Block B","CH-B17-L00","BC069",""
"Chapelizod","Block B","CH-B18-L00","BC070",""
"Chapelizod","Block B","CH-B19-L00","BC071",""
"Chapelizod","Block B","CH-B25-L01","BC077",""
"Chapelizod","Block B","CH-B33-L01","BC085",""
"Chapelizod","Block B","CH-B34-L01","BC086",""
"Chapelizod","Block B","CH-B36-L01","BC088",""
"Chapelizod","Block B","CH-B37-L01","BC089",""
"Chapelizod","Block C","CH-C20-L01","BC020",""
"Chapelizod","Block C","CH-C21-L02","BC021",""
"Chapelizod","Block C","CH-C22-L01","BC022",""
"Chapelizod","Block C","CH-C23-L02","BC023",""
"Chapelizod","Block C","CH-C24-L01","BC024",""
"Chapelizod","Block C","CH-C33-L03","BC033",""
"Chapelizod","Block C","CH-C34-L02","BC034",""
"Chapelizod","Block C","CH-C35-L03","BC035",""
"Chapelizod","Block C","CH-C36-L02","BC036",""
"Chapelizod","Block C","CH-C37-L02","BC037",""
"Chapelizod","Block B","CH-B10-L00","BC062",""
"Chapelizod","Block B","CH-B11-L00","BC063",""
"Chapelizod","Block B","CH-B12-L00","BC064",""
"Chapelizod","Block B","CH-B13-L00","BC065",""
"Chapelizod","Block B","CH-B14-L00","BC066",""
"Chapelizod","Block C","CH-C01-L00","BC001",""
"Chapelizod","Block C","CH-C02-L00","BC002",""
"Chapelizod","Block C","CH-C03-L00","BC003",""
"Chapelizod","Block C","CH-C04-L00","BC004",""
"Chapelizod","Block C","CH-C05-L01","BC005",""
"Chapelizod","Block C","CH-C06-L00 - On Site","BC006",""
"Chapelizod","Block C","CH-C07-L01","BC007",""
"Chapelizod","Block C","CH-C08-L00","BC008",""
"Chapelizod","Block C","CH-C09-L01","BC009",""
"Chapelizod","Block C","CH-C10-L00","BC010",""
"Chapelizod","Block C","CH-C11-L01","BC011",""
"Chapelizod","Block C","CH-C12-L00","BC012",""
"Chapelizod","Block C","CH-C13-L00","BC013",""
"Chapelizod","Block C","CH-C14-L00","BC014",""
"Chapelizod","Block C","CH-C15-L00","BC015",""
"Chapelizod","Block C","CH-C16-L01","BC016",""
"Chapelizod","Block C","CH-C17-L01","BC017",""
"Chapelizod","Block C","CH-C18-L01","BC018",""
"Chapelizod","Block C","CH-C19-L01","BC019",""
"Chapelizod","Block C","CH-C25-L02","BC025",""
"Chapelizod","Block C","CH-C26-L02","BC026",""
"Chapelizod","Block C","CH-C27-L02","BC027",""
"Chapelizod","Block C","CH-C28-L02","BC028",""
"Chapelizod","Block C","CH-C29-L03","BC029",""
"Chapelizod","Block C","CH-C30-L02","BC030",""
"Chapelizod","Block C","CH-C31-L03","BC031",""
"Chapelizod","Block C","CH-C32-L02","BC032",""
"Chapelizod","Block C","CH-C38-L03","BC038",""
"Chapelizod","Block C","CH-C39-L03","BC039",""
"Chapelizod","Block C","CH-C40-L03","BC040",""
"Chapelizod","Block C","CH-C41-L03","BC041",""
"Chapelizod","Block C","CH-C42-L03","BC042",""
"Chapelizod","Block C","CH-C43-L03","BC043",""
"Chapelizod","Block C","CH-C44-L03","BC044",""
"Chapelizod","Block C","CH-C45-L04","BC045",""
"Chapelizod","Block C","CH-C46-L04","BC046",""
"Chapelizod","Block C","CH-C47-L04","BC047",""
"Chapelizod","Block C","CH-C48-L04","BC048",""
"Chapelizod","Block C","CH-C49-L04","BC049",""
"Chapelizod","Block C","CH-C50-L04","BC050",""
"Chapelizod","Block C","CH-C51-L04","BC051",""
"Chapelizod","Block C","CH-C52-L04","BC052",""
"Chapelizod","Block C","CH-C53-L04","BC053",""
"Chapelizod","Block C","CH-C54-L04","BC054",""
"Chapelizod","Gereral","General - Chapelizod","BCGEN",""
"Fajon Wardrobes - Barnwell Park","Barnwell Park","No.99 Barnwell Park","FB099",""
"Fajon Wardrobes - Barnwell Park","Barnwell Park","No.100 Barnwell Park","FB100",""
"Fajon Wardrobes - Barnwell Park","Barnwell Park","No. 2 Barnwell Heath","FB134",""
"Fajon Wardrobes - Barnwell Park","Barnwell Park","No. 1 Barnwell Heath","FB135",""
"Fajon Wardrobes - Barnwell Park","Barnwell Park","No. 9 Station Road","FB144",""
"Fajon Wardrobes - Barnwell Park","Barnwell Park","No. 10 Hansfield Square","FB140",""
"Fajon Wardrobes - Barnwell Park","Barnwell Park","No. 8 Station Road","FB141",""
"Fajon Wardrobes - Barnwell Park","Barnwell Park","No. 6 Barnwell Walk","FB131",""
"Fajon Wardrobes - Barnwell Park","Barnwell Park","No. 11 Hansfield Square","FB139",""
"Fajon Wardrobes - Barnwell Park","Barnwell Park","No. 12 Hansfield Square","FB138",""
"Fajon Wardrobes - Barnwell Park","Barnwell Park","No. 5 Barnwell Walk","FB132",""
"Fajon Wardrobes - Barnwell Park","Barnwell Park","No. 4 Barnwell Walk","FB133",""
"Fajon Wardrobes - Barnwell Park","Barnwell Park","No. 7 Barnwell Walk","FB130",""
"Fajon Wardrobes - Barnwell Park","Barnwell Park","No. 14 Hansfield Square","FB136",""
"Fajon Wardrobes - Barnwell Park","Barnwell Park","No. 15 Hansfield Square","FB137",""
"Fajon Wardrobes - Barnwell Park","Barnwell Park","No. 39 Barnwell Road","FB147",""
"Fajon Wardrobes - Barnwell Park","Barnwell Park","No. 37 Barnwell Road","FB146",""
"Fajon Wardrobes - Barnwell Park","Barnwell Park","No.53 Barnwell Grove - Snag","FB121",""
"Fajon Wardrobes - Barnwell Park","Barnwell Park","No.11 Barnwell Wood's - Snag","FB129",""
"Fajon Wardrobes - Barnwell Park","Barnwell Park","No.01 Hansfield Square","FB124",""
"Fajon Wardrobes - Barnwell Park","Barnwell Park","No.04 Hansfield Square","FB127",""
"Fajon Wardrobes - Barnwell Park","Barnwell Park","No.05 Hansfield Square","FB128",""
"Fajon Wardrobes - Barnwell Park","Barnwell Park","No.03 Hansfield Square","FB126",""
"Fajon Wardrobes - Barnwell Park","Barnwell Park","No.02 Hansfield Square","FB125",""
"Fajon Wardrobes - Barnwell Park","Barnwell Park","No. 43 Barnwell Grove","FB122",""
"Fajon Wardrobes - Barnwell Park","Barnwell Park","No.49 Barnwell Grove","FB119",""
"Fajon Wardrobes - Barnwell Park","Barnwell Park","No.45 Barnwell Grove","FB117",""
"Fajon Wardrobes - Barnwell Park","Barnwell Park","No.47 Barnwell Grove","FB118",""
"Fajon Wardrobes - Barnwell Park","Barnwell Park","No. 55 Barnwell Grove","FB123",""
"Fajon Wardrobes - Barnwell Park","Barnwell Park","No.51 Barnwell Grove","FB120",""
"Fajon Wardrobes - Barnwell Park","Barnwell Park","No.104 Barnwell Park","FB104",""
"Fajon Wardrobes - Barnwell Park","Barnwell Park","No.87 Barnwell Park","FB087",""
"Fajon Wardrobes - Barnwell Park","Barnwell Park","No.90 Barnwell Park","FB090",""
"Fajon Wardrobes - Barnwell Park","Barnwell Park","No.106 Barnwell Park","FB106",""
"Fajon Wardrobes - Barnwell Park","Barnwell Park","No.105 Barnwell Park","FB105",""
"Fajon Wardrobes - Barnwell Park","Barnwell Park","No.103 Barnwell Park","FB103",""
"Fajon Wardrobes - Barnwell Park","Barnwell Park","No.101 Barnwell Park","FB101",""
"Fajon Wardrobes - Barnwell Park","Barnwell Park","No.102 Barnwell Park","FB102",""
"Fajon Wardrobes - Barnwell Park","Barnwell Park","No.108 Barnwell Park","FB108",""
"Fajon Wardrobes - Barnwell Park","Barnwell Park","No.107 Barnwell Park","FB107",""
"Fajon Wardrobes - Barnwell Park","Barnwell Park","No.109 Barnwell Park","FB109",""
"Fajon Wardrobes - Barnwell Park","Barnwell Park","No.82 Barnwell Park","FB082",""
"Fajon Wardrobes - Barnwell Park","Barnwell Park","No.97 Barnwell Park","FB097",""
"Fajon Wardrobes - Barnwell Park","Barnwell Park","No.96 Barnwell Park","FB096",""
"Fajon Wardrobes - Barnwell Park","Barnwell Park","No.98 Barnwell Park","FB098",""
"Fajon Wardrobes - Barnwell Park","Barnwell Park","No.94 Barnwell Park","FB094",""
"Fajon Wardrobes - Barnwell Park","Barnwell Park","No.91 Barnwell Park","FB091",""
"Fajon Wardrobes - Barnwell Park","Barnwell Park","No.84 Barnwell Park","FB084",""
"Fajon Wardrobes - Barnwell Park","Barnwell Park","No.85 Barnwell Park","FB085",""
"Fajon Wardrobes - Barnwell Park","Barnwell Park","No.80 Barnwell Park","FB080",""
"Fajon Wardrobes - Barnwell Park","Barnwell Park","No.81 Barnwell Park","FB081",""
"Fajon Wardrobes - Barnwell Park","Barnwell Park","No.77 Barnwell Park","FB077",""
"Fajon Wardrobes - Barnwell Park","Barnwell Park","No.88 Barnwell Park","FB088",""
"Fajon Wardrobes - Barnwell Park","Barnwell Park","No.76 Barnwell Park","FB076",""
"Fajon Wardrobes - Barnwell Park","Barnwell Park","No.70 Barnwell Park Delivered","FB070",""
"Fajon Wardrobes - Barnwell Park","Barnwell Park","No.71 Barnwell Park","FB071",""
"Fajon Wardrobes - Barnwell Park","Barnwell Park","No.67 Barnwell Park","FB067",""
"Fajon Wardrobes - Barnwell Park","Barnwell Park","No.62 Barnwell Park","FB062",""
"Fajon Wardrobes - Barnwell Park","Barnwell Park","No.61 Barnwell Park","FB061",""
"Fajon Wardrobes - Barnwell Park","Barnwell Park","No.57 Barnwell Park","FB057",""
"Fajon Wardrobes - Barnwell Park","Barnwell Park","No.58 Barnwell Park","FB058",""
"Fajon Wardrobes - Barnwell Park","Barnwell Park","No.51 Barnwell Park","FB051",""
"Fajon Wardrobes - Barnwell Park","Barnwell Park","No.53 Barnwell Park","FB053",""
"Fajon Wardrobes - Barnwell Park","Barnwell Park","No.54 Barnwell Park","FB054",""
"Fajon Wardrobes - Barnwell Park","Barnwell Park","No.35 Barnwell Park","FB035",""
"Fajon Wardrobes - Barnwell Park","Barnwell Park","No.49 Barnwell Park","FB049",""
"Fajon Wardrobes - Barnwell Park","Barnwell Park","No.50 Barnwell Park","FB050",""
"Fajon Wardrobes - Barnwell Park","Barnwell Park","No.36 Barnwell Park","FB036",""
"Fajon Wardrobes - Barnwell Park","Barnwell Park","No.39 Barnwell Park","FB039",""
"Fajon Wardrobes - Barnwell Park","Barnwell Park","No.5 Barnwell Park","FB005",""
"Fajon Wardrobes - Barnwell Park","Barnwell Park","No.13 Barnwell Park","FB013",""
"Fajon Wardrobes - Barnwell Park","Barnwell Park","No.16 Barnwell Park","FB016",""
"Fajon Wardrobes - Barnwell Park","Barnwell Park","No.17 Barnwell Park","FB017",""
"Fajon Wardrobes - Barnwell Park","Barnwell Park","No.43 BStation Road","FB020",""
"Fajon Wardrobes - Barnwell Park","Barnwell Park","No.44 BStation Road","FB021",""
"Fajon Wardrobes - Barnwell Park","Barnwell Park","No.47 BStation Road","FB024",""
"Fajon Wardrobes - Barnwell Park","Barnwell Park","No.50 BStation Road","FB027",""
"Fajon Wardrobes - Barnwell Park","Barnwell Park","No.51 BStation Road","FB028",""
"Fajon Wardrobes - Barnwell Park","Barnwell Park","No.54 BStation Road","FB031",""
"Fajon Wardrobes - Barnwell Park","Barnwell Park","No.42 Barnwell Park","FB042",""
"Fajon Wardrobes - Barnwell Park","Barnwell Park","No.45 Barnwell Park","FB045",""
"Fajon Wardrobes - Barnwell Park","Barnwell Park","No.46 Barnwell Park","FB046",""
"Fajon Wardrobes - Barnwell Park","Barnwell Park","No.8 Barnwell Park","FB008",""
"Fajon Wardrobes - Barnwell Park","Barnwell Park","No.63 Barnwell Park","FB063",""
"Fajon Wardrobes - Barnwell Park","Barnwell Park","No.75 Barnwell Park","FB075",""
"Fajon Wardrobes - Barnwell Park","Barnwell Park","No.69 Barnwell Park","FB069",""
"Fajon Wardrobes - Barnwell Park","Barnwell Park","No.68 Barnwell Park","FB068",""
"Fajon Wardrobes - Barnwell Park","Barnwell Park","No.33 Barnwell Park","FB033",""
"Fajon Wardrobes - Barnwell Park","Barnwell Park","No.59 Barnwell Park","FB059",""
"Fajon Wardrobes - Barnwell Park","Barnwell Park","No.4 Barnwell Park","FB004",""
"Fajon Wardrobes - Barnwell Park","Barnwell Park","No.12 Barnwell Park","FB012",""
"Fajon Wardrobes - Barnwell Park","Barnwell Park","No.18 Barnwell Park","FB018",""
"Fajon Wardrobes - Barnwell Park","Barnwell Park","No.42 BStation Road","FB019",""
"Fajon Wardrobes - Barnwell Park","Barnwell Park","No.41 Barnwell Park","FB041",""
"Fajon Wardrobes - Barnwell Park","Barnwell Park","No.47 Barnwell Park","FB047",""
"Fajon Wardrobes - Barnwell Park","Barnwell Park","No.9 Barnwell Park","FB009",""
"Fajon Wardrobes - Barnwell Park","Barnwell Park","No.95 Barnwell Park","FB095",""
"Fajon Wardrobes - Barnwell Park","Barnwell Park","No.78 Barnwell Park","FB078",""
"Fajon Wardrobes - Barnwell Park","Barnwell Park","No.79 Barnwell Park","FB079",""
"Fajon Wardrobes - Barnwell Park","Barnwell Park","No.89 Barnwell Park","FB089",""
"Fajon Wardrobes - Barnwell Park","Barnwell Park","No.83 Barnwell Park","FB083",""
"Fajon Wardrobes - Barnwell Park","Barnwell Park","No.86 Barnwell Park","FB086",""
"Fajon Wardrobes - Barnwell Park","Barnwell Park","No.74 Barnwell Park","FB074",""
"Fajon Wardrobes - Barnwell Park","Barnwell Park","No.72 Barnwell Park","FB072",""
"Fajon Wardrobes - Barnwell Park","Barnwell Park","No.73 Barnwell Park","FB073",""
"Fajon Wardrobes - Barnwell Park","Barnwell Park","No.66 Barnwell Park","FB066",""
"Fajon Wardrobes - Barnwell Park","Barnwell Park","No.64 Barnwell Park","FB064",""
"Fajon Wardrobes - Barnwell Park","Barnwell Park","No.65 Barnwell Park","FB065",""
"Fajon Wardrobes - Barnwell Park","Barnwell Park","No.60 Barnwell Park","FB060",""
"Fajon Wardrobes - Barnwell Park","Barnwell Park","No.56 Barnwell Park","FB056",""
"Fajon Wardrobes - Barnwell Park","Barnwell Park","No.48 Barnwell Park","FB048",""
"Fajon Wardrobes - Barnwell Park","Barnwell Park","No.40 Barnwell Park","FB040",""
"Fajon Wardrobes - Barnwell Park","Barnwell Park","No.6 Barnwell Park","FB006",""
"Fajon Wardrobes - Barnwell Park","Barnwell Park","No.10 Barnwell Park","FB010",""
"Fajon Wardrobes - Barnwell Park","Barnwell Park","No.11 Barnwell Park","FB011",""
"Fajon Wardrobes - Barnwell Park","Barnwell Park","No.14 Barnwell Park","FB014",""
"Fajon Wardrobes - Barnwell Park","Barnwell Park","No.15 Barnwell Park","FB015",""
"Fajon Wardrobes - Barnwell Park","Barnwell Park","No.45 BStation Road","FB022",""
"Fajon Wardrobes - Barnwell Park","Barnwell Park","No.46 BStation Road","FB023",""
"Fajon Wardrobes - Barnwell Park","Barnwell Park","No.48 BStation Road","FB025",""
"Fajon Wardrobes - Barnwell Park","Barnwell Park","No.49 BStation Road","FB026",""
"Fajon Wardrobes - Barnwell Park","Barnwell Park","No.52 BStation Road","FB029",""
"Fajon Wardrobes - Barnwell Park","Barnwell Park","No.53 BStation Road","FB030",""
"Fajon Wardrobes - Barnwell Park","Barnwell Park","No.43 Barnwell Park","FB043",""
"Fajon Wardrobes - Barnwell Park","Barnwell Park","No.44 Barnwell Park","FB044",""
"Fajon Wardrobes - Barnwell Park","Barnwell Park","No.7 Barnwell Park","FB007",""
"Fajon Wardrobes - Barnwell Park","Barnwell Park","No.2 Barnwell Park","FB002",""
"Fajon Wardrobes - Barnwell Park","Barnwell Park","No.3 Barnwell Park","FB003",""
"Fajon Wardrobes - Barnwell Park","Barnwell Park","No.92 Barnwell Park","FB092",""
"Fajon Wardrobes - Barnwell Park","Barnwell Park","No.93 Barnwell Park","FB093",""
"Fajon Wardrobes - Barnwell Park","Barnwell Park","No.52 Barnwell Park","FB052",""
"Fajon Wardrobes - Barnwell Park","Barnwell Park","No.55 Barnwell Park","FB055",""
"Fajon Wardrobes - Barnwell Park","Barnwell Park","No.34 Barnwell Park","FB034",""
"Fajon Wardrobes - Barnwell Park","Barnwell Park","No.38 Barnwell Park","FB038",""
"Fajon Wardrobes - Barnwell Park","Barnwell Park","No.37 Barnwell Park","FB037",""
"Fajon Wardrobes - Barnwell Park","Barnwell Park","No.1 Station Road","FB001",""
"Fajon Wardrobes - Barnwell Park","","","Creche",""
"Fajon Wardrobes - Barnwell Park","","","FB109",""
"Fajon Wardrobes - Barnwell Park","","","FB111",""
"Fajon Wardrobes - Barnwell Park","","","FB113",""
"Fajon Wardrobes - Barnwell Park","","","FB114",""
"Fajon Wardrobes - Barnwell Park","","","FB115",""
"Fajon Wardrobes - Barnwell Park","","","FB116",""
"Fajon Wardrobes - Barnwell Park","","","Type B - Showhouse",""
"Fajon Wardrobes - Barnwell Park","","","Type B1 - Showhouse",""
"Fajon Wardrobes - Barnwell Park","","","Type B2 - Showhouse",""
"Fajon Wardrobes - Barnwell Park","","","Type I3",""
"Fajon Wardrobes - Barnwell Park","","","Type F",""
"Fajon Wardrobes - Barnwell Park","","","FB110",""
"Fajon Wardrobes - Barnwell Park","","","Type B1",""
"Fajon Wardrobes - Barnwell Park","","","Type G",""
"Fajon Wardrobes - Barnwell Park","","","FB112",""
"Fajon Wardrobes - Barnwell Park","","","FB108",""
"Fajon Wardrobes - Barnwell Park","","","Type B2",""
"Fajon Wardrobes - Barnwell Park","","","Type B",""
"Fajon Wardrobes - Barnwell Park","","","FB107",""
"Fajon Wardrobes - Barnwell Park","","53","Overall Total",""
"Fajon Wardrobes - Barnwell Park","Barnwell Park","General","FGBPK",""
"Fajon Wardrobes - Dundalk","Marl Court","No.61 Marlmount Court","FD409",""
"Fajon Wardrobes - Dundalk","Marl Court","No.60 Marlmount Court","FD408",""
"Fajon Wardrobes - Dundalk","Marl Court","No.59 Marlmount Court","FD407",""
"Fajon Wardrobes - Dundalk","Marl Court","No.58 Marlmount Court","FD406",""
"Fajon Wardrobes - Dundalk","Marl Court","No.48 Marlmount Court","FD301",""
"Fajon Wardrobes - Dundalk","Marl Court","No.49 Marlmount Court","FD302",""
"Fajon Wardrobes - Dundalk","Marl Court","No.50 Marlmount Court","FD398",""
"Fajon Wardrobes - Dundalk","Marl Court","No.51 Marlmount Court","FD399",""
"Fajon Wardrobes - Dundalk","Marl Court","No.52 Marlmount Court","FD400",""
"Fajon Wardrobes - Dundalk","Marl Court","No.53 Marlmount Court","FD401",""
"Fajon Wardrobes - Dundalk","Marl Court","No.54 Marlmount Court","FD402",""
"Fajon Wardrobes - Dundalk","Marl Court","No.55 Marlmount Court","FD403",""
"Fajon Wardrobes - Dundalk","Marl Court","No.56 Marlmount Court","FD404",""
"Fajon Wardrobes - Dundalk","Marl Court","No.57 Marlmount Court","FD405",""
"Fajon Wardrobes - Dundalk","Marl Court","No.29 Marlmount Court","FD410",""
"Fajon Wardrobes - Dundalk","Marl Court","No.30 Marlmount Court","FD411",""
"Fajon Wardrobes - Dundalk","Marl Court","No.31 Marlmount Court","FD412",""
"Fajon Wardrobes - Dundalk","Marl Court","No.32 Marlmount Court","FD413",""
"Fajon Wardrobes - Dundalk","Marl Park","No.81 Marl Park","FD331",""
"Fajon Wardrobes - Dundalk","Marl Park","No.70 Marl Park","FD320",""
"Fajon Wardrobes - Dundalk","Marl Park","No.8 Marl Park","FD338",""
"Fajon Wardrobes - Dundalk","Marl Park","No.80 Marl Park","FD330",""
"Fajon Wardrobes - Dundalk","Marl Park","No.9 Marl Park","FD339",""
"Fajon Wardrobes - Dundalk","Marl Walk","No.14 Marlmount Walk","F0206",""
"Fajon Wardrobes - Dundalk","Marl Walk","No.16 Marlmount Walk","F0207",""
"Fajon Wardrobes - Dundalk","Marl Walk","No.18 Marlmount Walk","F0208",""
"Fajon Wardrobes - Dundalk","Marl Walk","No.20 Marlmount Walk","F0209",""
"Fajon Wardrobes - Dundalk","Marl Walk","No.22 Marlmount Walk","F0210",""
"Fajon Wardrobes - Dundalk","Marl Walk","No.24 Marlmount Walk","F0211",""
"Fajon Wardrobes - Dundalk","Marl Walk","No.26 Marlmount Walk","F0212",""
"Fajon Wardrobes - Dundalk","Marl Walk","No.28 Marlmount Walk","F0213",""
"Fajon Wardrobes - Dundalk","Marl Walk","No.30 Marlmount Walk","F0185",""
"Fajon Wardrobes - Dundalk","Marl Walk","No.32 Marlmount Walk","F0186",""
"Fajon Wardrobes - Dundalk","Marl Walk","No.34 Marlmount Walk","F0204",""
"Fajon Wardrobes - Dundalk","Marl Walk","No.36 Marlmount Walk","F0205",""
"Fajon Wardrobes - Dundalk","Marl Court","No.42 Marlmount Court","F0203",""
"Fajon Wardrobes - Dundalk","Marl Court","No.43 Marlmount Court","F0202",""
"Fajon Wardrobes - Dundalk","Marl Court","No.44 Marlmount Court","F0174",""
"Fajon Wardrobes - Dundalk","Marl Court","No.45 Marlmount Court","F0175",""
"Fajon Wardrobes - Dundalk","Marl Court","No.46 Marlmount Court","FD299",""
"Fajon Wardrobes - Dundalk","Marl Court","No.47 Marlmount Court","FD300",""
"Fajon Wardrobes - Dundalk","Marl Court","No.65 Marl Court","FD303",""
"Fajon Wardrobes - Dundalk","Marl Court","No.66 Marl Court","FD304",""
"Fajon Wardrobes - Dundalk","Marl Court","No.67 Marl Court","FD305",""
"Fajon Wardrobes - Dundalk","Marl Court","No.68 Marl Court","FD306",""
"Fajon Wardrobes - Dundalk","Marl Court","No.69 Marl Court - SH","FD307",""
"Fajon Wardrobes - Dundalk","Marl Court","No.70 Marl Court","FD308",""
"Fajon Wardrobes - Dundalk","Marl Court","No.71 Marl Court","FD309",""
"Fajon Wardrobes - Dundalk","Marl Court","No.72 Marl Court","FD310",""
"Fajon Wardrobes - Dundalk","Marl Court","No.73 Marl Court","FD311",""
"Fajon Wardrobes - Dundalk","Marl Court","No.74 Marl Court","FD312",""
"Fajon Wardrobes - Dundalk","Marl Court","No.75 Marl Court","FD313",""
"Fajon Wardrobes - Dundalk","Marl Court","No.76 Marl Court","FD314",""
"Fajon Wardrobes - Dundalk","Marl Court","No.77 Marl Court","FD315",""
"Fajon Wardrobes - Dundalk","Marl Court","No.78 Marl Court","FD316",""
"Fajon Wardrobes - Dundalk","Marl Court","No.79 Marl Court","FD317",""
"Fajon Wardrobes - Dundalk","Marl Gardens","No.1 Marlmount  Gardens","FD273",""
"Fajon Wardrobes - Dundalk","Marl Gardens","No.10 Marlmount  Gardens","FD282",""
"Fajon Wardrobes - Dundalk","Marl Gardens","No.11 Marlmount  Gardens","FD283",""
"Fajon Wardrobes - Dundalk","Marl Gardens","No.12 Marlmount  Gardens","FD284",""
"Fajon Wardrobes - Dundalk","Marl Gardens","No.13 Marlmount  Gardens","FD285",""
"Fajon Wardrobes - Dundalk","Marl Gardens","No.14 Marlmount  Gardens","FD286",""
"Fajon Wardrobes - Dundalk","Marl Gardens","No.15 Marlmount  Gardens","FD287",""
"Fajon Wardrobes - Dundalk","Marl Gardens","No.16 Marlmount  Gardens","FD288",""
"Fajon Wardrobes - Dundalk","Marl Gardens","No.17 Marlmount  Gardens","FD289",""
"Fajon Wardrobes - Dundalk","Marl Gardens","No.18 Marlmount  Gardens","FD290",""
"Fajon Wardrobes - Dundalk","Marl Gardens","No.19 Marlmount  Gardens","FD291",""
"Fajon Wardrobes - Dundalk","Marl Gardens","No.2 Marlmount  Gardens","FD274",""
"Fajon Wardrobes - Dundalk","Marl Gardens","No.20 Marlmount  Gardens","FD292",""
"Fajon Wardrobes - Dundalk","Marl Gardens","No.21 Marlmount  Gardens","FD293",""
"Fajon Wardrobes - Dundalk","Marl Gardens","No.22 Marlmount  Gardens","FD294",""
"Fajon Wardrobes - Dundalk","Marl Gardens","No.23 Marlmount  Gardens","FD295",""
"Fajon Wardrobes - Dundalk","Marl Gardens","No.24 Marlmount  Gardens","FD296",""
"Fajon Wardrobes - Dundalk","Marl Gardens","No.25 Marlmount  Gardens","FD297",""
"Fajon Wardrobes - Dundalk","Marl Gardens","No.26 Marlmount  Gardens","FD298",""
"Fajon Wardrobes - Dundalk","Marl Gardens","No.3 Marlmount  Gardens","FD275",""
"Fajon Wardrobes - Dundalk","Marl Gardens","No.4 Marlmount  Gardens","FD276",""
"Fajon Wardrobes - Dundalk","Marl Gardens","No.5 Marlmount  Gardens","FD277",""
"Fajon Wardrobes - Dundalk","Marl Gardens","No.6 Marlmount  Gardens","FD278",""
"Fajon Wardrobes - Dundalk","Marl Gardens","No.7 Marlmount  Gardens","FD279",""
"Fajon Wardrobes - Dundalk","Marl Gardens","No.8 Marlmount  Gardens","FD280",""
"Fajon Wardrobes - Dundalk","Marl Gardens","No.9 Marlmount  Gardens","FD281",""
"Fajon Wardrobes - Dundalk","Marl Park","No.1 Marlmount Park","FD268",""
"Fajon Wardrobes - Dundalk","Marl Park","No.10 Marl Park","FD340",""
"Fajon Wardrobes - Dundalk","Marl Park","No.11 Marl Park","FD341",""
"Fajon Wardrobes - Dundalk","Marl Park","No.12 Marl Park","FD342",""
"Fajon Wardrobes - Dundalk","Marl Park","No.13 Marl Park","FD343",""
"Fajon Wardrobes - Dundalk","Marl Park","No.14 Marl Park","FD344",""
"Fajon Wardrobes - Dundalk","Marl Park","No.15 Marl Park","FD345",""
"Fajon Wardrobes - Dundalk","Marl Park","No.16 Marl Park","FD346",""
"Fajon Wardrobes - Dundalk","Marl Park","No.17 Marl Park","FD347",""
"Fajon Wardrobes - Dundalk","Marl Park","No.18 Marl Park","FD348",""
"Fajon Wardrobes - Dundalk","Marl Park","No.19 Marl Park","FD349",""
"Fajon Wardrobes - Dundalk","Marl Park","No.2 Marlmount Park","FD269",""
"Fajon Wardrobes - Dundalk","Marl Park","No.20 Marl Park","FD350",""
"Fajon Wardrobes - Dundalk","Marl Park","No.21 Marl Park","FD351",""
"Fajon Wardrobes - Dundalk","Marl Park","No.22 Marl Park","FD352",""
"Fajon Wardrobes - Dundalk","Marl Park","No.23 Marl Park","FD353",""
"Fajon Wardrobes - Dundalk","Marl Park","No.24 Marl Park","FD354",""
"Fajon Wardrobes - Dundalk","Marl Park","No.25 Marl Park","FD355",""
"Fajon Wardrobes - Dundalk","Marl Park","No.26 Marl Park","FD356",""
"Fajon Wardrobes - Dundalk","Marl Park","No.27 Marl Park - Snag","FD357",""
"Fajon Wardrobes - Dundalk","Marl Park","No.28 Marl Park","FD358",""
"Fajon Wardrobes - Dundalk","Marl Park","No.29 Marl Park","FD359",""
"Fajon Wardrobes - Dundalk","Marl Park","No.3 Marlmount Park","FD270",""
"Fajon Wardrobes - Dundalk","Marl Park","No.30 Marl Park","FD360",""
"Fajon Wardrobes - Dundalk","Marl Park","No.31 Marl Park","FD361",""
"Fajon Wardrobes - Dundalk","Marl Park","No.32 Marl Park","FD362",""
"Fajon Wardrobes - Dundalk","Marl Park","No.33 Marl Park","FD363",""
"Fajon Wardrobes - Dundalk","Marl Park","No.34 Marl Park - Showhouse","FD364",""
"Fajon Wardrobes - Dundalk","Marl Park","No.35 Marl Park","FD365",""
"Fajon Wardrobes - Dundalk","Marl Park","No.36 Marl Park","FD366",""
"Fajon Wardrobes - Dundalk","Marl Park","No.37 Marl Park","FD367",""
"Fajon Wardrobes - Dundalk","Marl Park","No.38 Marl Park","FD368",""
"Fajon Wardrobes - Dundalk","Marl Park","No.39 Marl Park","FD369",""
"Fajon Wardrobes - Dundalk","Marl Park","No.4 Marlmount Park","FD271",""
"Fajon Wardrobes - Dundalk","Marl Park","No.40 Marl Park","FD370",""
"Fajon Wardrobes - Dundalk","Marl Park","No.41 Marl Park","FD371",""
"Fajon Wardrobes - Dundalk","Marl Park","No.42 Marl Park","FD372",""
"Fajon Wardrobes - Dundalk","Marl Park","No.43 Marl Park","FD373",""
"Fajon Wardrobes - Dundalk","Marl Park","No.44 Marl Park","FD374",""
"Fajon Wardrobes - Dundalk","Marl Park","No.45 Marl Park","FD375",""
"Fajon Wardrobes - Dundalk","Marl Park","No.46 Marl Park","FD376",""
"Fajon Wardrobes - Dundalk","Marl Park","No.47 Marl Park","FD377",""
"Fajon Wardrobes - Dundalk","Marl Park","No.48 Marl Park","FD378",""
"Fajon Wardrobes - Dundalk","Marl Park","No.49 Marl Park","FD379",""
"Fajon Wardrobes - Dundalk","Marl Park","No.5 Marlmount Park","FD272",""
"Fajon Wardrobes - Dundalk","Marl Park","No.50 Marl Park","FD380",""
"Fajon Wardrobes - Dundalk","Marl Park","No.51 Marl Park","FD381",""
"Fajon Wardrobes - Dundalk","Marl Park","No.52 Marl Park - Snag","FD382",""
"Fajon Wardrobes - Dundalk","Marl Park","No.53 Marl Park - Snag","FD383",""
"Fajon Wardrobes - Dundalk","Marl Park","No.54 Marl Park","FD384",""
"Fajon Wardrobes - Dundalk","Marl Park","No.55 Marl Park","FD385",""
"Fajon Wardrobes - Dundalk","Marl Park","No.56 Marl Park","FD386",""
"Fajon Wardrobes - Dundalk","Marl Park","No.57 Marl Park","FD387",""
"Fajon Wardrobes - Dundalk","Marl Park","No.58 Marl Park","FD388",""
"Fajon Wardrobes - Dundalk","Marl Park","No.59 Marl Park","FD389",""
"Fajon Wardrobes - Dundalk","Marl Park","No.6 Marl Park","FD336",""
"Fajon Wardrobes - Dundalk","Marl Park","No.60 Marl Park","FD390",""
"Fajon Wardrobes - Dundalk","Marl Park","No.61 Marl Park","FD391",""
"Fajon Wardrobes - Dundalk","Marl Park","No.62 Marl Park","FD392",""
"Fajon Wardrobes - Dundalk","Marl Park","No.63 Marl Park","FD393",""
"Fajon Wardrobes - Dundalk","Marl Park","No.64 Marl Park","FD394",""
"Fajon Wardrobes - Dundalk","Marl Park","No.65 Marl Park","FD395",""
"Fajon Wardrobes - Dundalk","Marl Park","No.66 Marl Park","FD396",""
"Fajon Wardrobes - Dundalk","Marl Park","No.67 Marl Park","FD397",""
"Fajon Wardrobes - Dundalk","Marl Park","No.68 Marl Park","FD318",""
"Fajon Wardrobes - Dundalk","Marl Park","No.69 Marl Park","FD319",""
"Fajon Wardrobes - Dundalk","Marl Park","No.7 Marl Park","FD337",""
"Fajon Wardrobes - Dundalk","Marl Park","No.71 Marl Park","FD321",""
"Fajon Wardrobes - Dundalk","Marl Park","No.72 Marl Park","FD322",""
"Fajon Wardrobes - Dundalk","Marl Park","No.73 Marl Park","FD323",""
"Fajon Wardrobes - Dundalk","Marl Park","No.74 Marl Park","FD324",""
"Fajon Wardrobes - Dundalk","Marl Park","No.75 Marl Park","FD325",""
"Fajon Wardrobes - Dundalk","Marl Park","No.76 Marl Park","FD326",""
"Fajon Wardrobes - Dundalk","Marl Park","No.77 Marl Park","FD327",""
"Fajon Wardrobes - Dundalk","Marl Park","No.78 Marl Park","FD328",""
"Fajon Wardrobes - Dundalk","Marl Park","No.79 Marl Park","FD329",""
"Fajon Wardrobes - Dundalk","Marl Park","No.82 Marl Park","FD332",""
"Fajon Wardrobes - Dundalk","Marl Park","No.83 Marl Park","FD333",""
"Fajon Wardrobes - Dundalk","Marl Park","No.84 Marl Park","FD334",""
"Fajon Wardrobes - Dundalk","Marl Park","No.85 Marl Park - Snag","FD335",""
"Fajon Wardrobes - Dundalk","","No.37,42+44","F0000",""
"Fajon Wardrobes - Dundalk","Dundalk","General","FGDUN",""
"Fajon Wardrobes - Kilcock","Mill Stream","No.9 Mill Stream","FK362",""
"Fajon Wardrobes - Kilcock","Mill Stream","No.12 Mill Stream","FK365",""
"Fajon Wardrobes - Kilcock","Mill Stream","No.4 Mill Stream","FK357",""
"Fajon Wardrobes - Kilcock","Mill Stream","No.7 Mill Stream","FK360",""
"Fajon Wardrobes - Kilcock","Mill Stream","No.8 Mill Stream","FK361",""
"Fajon Wardrobes - Kilcock","Mill Stream","No.10 Mill Stream","FK363",""
"Fajon Wardrobes - Kilcock","Mill Stream","No.19 Mill Stream","FK372",""
"Fajon Wardrobes - Kilcock","Mill Stream","No.20 Mill Stream - Showhouse","FK373",""
"Fajon Wardrobes - Kilcock","Mill Stream","No.11 Mill Stream - Snag","FK364",""
"Fajon Wardrobes - Kilcock","Mill Stream","No.5 Mill Stream- Snag","FK358",""
"Fajon Wardrobes - Kilcock","Mill Stream","No.6 Mill Stream - Snag","FK359",""
"Fajon Wardrobes - Kilcock","Mill Stream","No.14 Mill Stream","FK367",""
"Fajon Wardrobes - Kilcock","Mill Stream","No.13 Mill Stream - Billed","FK366",""
"Fajon Wardrobes - Kilcock","Mill Stream","No.18 Mill Stream","FK371",""
"Fajon Wardrobes - Kilcock","Mill Stream","No.15 Mill Stream","FK368",""
"Fajon Wardrobes - Kilcock","Mill Stream","No.16 Mill Stream","FK369",""
"Fajon Wardrobes - Kilcock","Mill Stream","No.17 Mill Stream","FK370",""
"Fajon Wardrobes - Kilcock","Mill Stream","No.21 Mill Stream - Show","FK374",""
"Fajon Wardrobes - Kilcock","Mill Stream","No.22 Mill Stream - Show","FK375",""
"Fajon Wardrobes - Kilcock","Mill Park","No.9 Mill Park","FK384",""
"Fajon Wardrobes - Kilcock","Mill Park","No.8 Mill Park","FK383",""
"Fajon Wardrobes - Kilcock","Mill Park","No.10 Mill Park","FK385",""
"Fajon Wardrobes - Kilcock","Mill Park","No.14 Mill Park","FK389",""
"Fajon Wardrobes - Kilcock","Mill Park","No.6 Mill Park","FK381",""
"Fajon Wardrobes - Kilcock","Mill Park","No.13 Mill Park","FK388",""
"Fajon Wardrobes - Kilcock","Mill Park","No.11 Mill Park","FK386",""
"Fajon Wardrobes - Kilcock","Mill Park","No.12 Mill Park","FK387",""
"Fajon Wardrobes - Kilcock","Mill Park","No.4 Mill Park","FK379",""
"Fajon Wardrobes - Kilcock","Mill Avenue","No.46 Mill Avenue","FK464",""
"Fajon Wardrobes - Kilcock","Mill Park","No.3 Mill Park","FK378",""
"Fajon Wardrobes - Kilcock","Mill Park","No.5 Mill Park","FK380",""
"Fajon Wardrobes - Kilcock","Mill Avenue","No.48 Mill Avenue","FK466",""
"Fajon Wardrobes - Kilcock","Mill Avenue","No.47 Mill Avenue","FK465",""
"Fajon Wardrobes - Kilcock","Mill Avenue","No.50 Mill Avenue - Snag","FK468",""
"Fajon Wardrobes - Kilcock","Mill Avenue","No.42 Mill Avenue - Snag","FK460",""
"Fajon Wardrobes - Kilcock","Mill Avenue","No.44 Mill Avenue - Snag","FK462",""
"Fajon Wardrobes - Kilcock","Mill Avenue","No.53 Mill Avenue","FK471",""
"Fajon Wardrobes - Kilcock","Mill Avenue","No.52 Mill Avenue","FK470",""
"Fajon Wardrobes - Kilcock","Mill Avenue","No.51 Mill Avenue","FK469",""
"Fajon Wardrobes - Kilcock","Mill Glen","No.3 Mill Glen","FK417",""
"Fajon Wardrobes - Kilcock","Mill Glen","No.2 Mill Glen","FK416",""
"Fajon Wardrobes - Kilcock","Mill Avenue","No.38 Mill Avenue","FK456",""
"Fajon Wardrobes - Kilcock","Mill Avenue","No.40 Mill Avenue","FK458",""
"Fajon Wardrobes - Kilcock","Mill Glen","No.4 Mill Glen","FK418",""
"Fajon Wardrobes - Kilcock","Mill Glen","No.1 Mill Glen","FK415",""
"Fajon Wardrobes - Kilcock","Mill Avenue","No.55 Mill Avenue","FK473",""
"Fajon Wardrobes - Kilcock","Mill Avenue","No.54 Mill Avenue","FK472",""
"Fajon Wardrobes - Kilcock","Mill Avenue","No.56 Mill Avenue","FK474",""
"Fajon Wardrobes - Kilcock","Mill Avenue","No.43 Mill Avenue","FK461",""
"Fajon Wardrobes - Kilcock","Mill Avenue","No.45 Mill Avenue","FK463",""
"Fajon Wardrobes - Kilcock","Mill Avenue","No.39 Mill Avenue","FK457",""
"Fajon Wardrobes - Kilcock","Mill Avenue","No.41 Mill Avenue","FK459",""
"Fajon Wardrobes - Kilcock","Mill Avenue","No.37 Mill Avenue","FK455",""
"Fajon Wardrobes - Kilcock","Mill Avenue","No.33 Mill Avenue","FK451",""
"Fajon Wardrobes - Kilcock","Mill Avenue","No.31 Mill Avenue","FK449",""
"Fajon Wardrobes - Kilcock","Mill Avenue","No.27 Mill Avenue","FK445",""
"Fajon Wardrobes - Kilcock","Mill Avenue","No.57 Mill Avenue","FK475",""
"Fajon Wardrobes - Kilcock","Mill Avenue","No.61 Mill Avenue","FK510",""
"Fajon Wardrobes - Kilcock","Mill Avenue","No.25 Mill Avenue","FK443",""
"Fajon Wardrobes - Kilcock","Mill Avenue","No.58 Mill Avenue","FK476",""
"Fajon Wardrobes - Kilcock","Mill Avenue","No.59 Mill Avenue","FK477",""
"Fajon Wardrobes - Kilcock","Mill Avenue","No.60 Mill Avenue","FK478",""
"Fajon Wardrobes - Kilcock","Mill Brook","No.5 Mill Brook","FK394",""
"Fajon Wardrobes - Kilcock","Mill Avenue","No.7 Mill Avenue","FK425",""
"Fajon Wardrobes - Kilcock","Mill Avenue","No.32 Mill Avenue","FK450",""
"Fajon Wardrobes - Kilcock","Mill Avenue","No.3 Mill Avenue","FK421",""
"Fajon Wardrobes - Kilcock","Mill Avenue","No.5 Mill Avenue","FK423",""
"Fajon Wardrobes - Kilcock","Mill Avenue","No.19 Mill Avenue - Change to Layout","FK437",""
"Fajon Wardrobes - Kilcock","Mill Avenue","No.9 Mill Avenue - Change Layout","FK427",""
"Fajon Wardrobes - Kilcock","Mill Avenue","No.4 Mill Avenue","FK422",""
"Fajon Wardrobes - Kilcock","Mill Avenue","No.6 Mill Avenue","FK424",""
"Fajon Wardrobes - Kilcock","Mill Brook","No.22 Mill Brook","FK411",""
"Fajon Wardrobes - Kilcock","Mill Brook","No.23 Mill Brook","FK412",""
"Fajon Wardrobes - Kilcock","Mill Brook","No.24 Mill Brook","FK413",""
"Fajon Wardrobes - Kilcock","Mill Avenue","No.2 Mill Avenue","FK420",""
"Fajon Wardrobes - Kilcock","Mill Avenue","No.26 Mill Avenue","FK444",""
"Fajon Wardrobes - Kilcock","Mill Avenue","No.8 Mill Avenue","FK426",""
"Fajon Wardrobes - Kilcock","Mill Avenue","No.1 Mill Avenue","FK419",""
"Fajon Wardrobes - Kilcock","Mill Avenue","No.30 Mill Avenue","FK448",""
"Fajon Wardrobes - Kilcock","Mill Avenue","No.36 Mill Avenue","FK454",""
"Fajon Wardrobes - Kilcock","Mill Brook","No.25 Mill Brook - Off Std","FK414",""
"Fajon Wardrobes - Kilcock","Rye Grove","No.1 Rye Grove","FK479",""
"Fajon Wardrobes - Kilcock","Rye Grove","No.10 Rye Grove","FK488",""
"Fajon Wardrobes - Kilcock","Rye Grove","No.11 Rye Grove","FK489",""
"Fajon Wardrobes - Kilcock","Rye Grove","No.12 Rye Grove","FK490",""
"Fajon Wardrobes - Kilcock","Rye Grove","No.13 Rye Grove","FK491",""
"Fajon Wardrobes - Kilcock","Rye Grove","No.14 Rye Grove","FK492",""
"Fajon Wardrobes - Kilcock","Rye Grove","No.16 Rye Grove","FK494",""
"Fajon Wardrobes - Kilcock","Rye Grove","No.17 Rye Grove","FK495",""
"Fajon Wardrobes - Kilcock","Rye Grove","No.19 Rye Grove","FK497",""
"Fajon Wardrobes - Kilcock","Rye Grove","No.2 Rye Grove","FK480",""
"Fajon Wardrobes - Kilcock","Rye Grove","No.20 Rye Grove","FK498",""
"Fajon Wardrobes - Kilcock","Rye Grove","No.21 Rye Grove","FK499",""
"Fajon Wardrobes - Kilcock","Rye Grove","No.22 Rye Grove","FK500",""
"Fajon Wardrobes - Kilcock","Rye Grove","No.23 Rye Grove","FK501",""
"Fajon Wardrobes - Kilcock","Rye Grove","No.24 Rye Grove","FK502",""
"Fajon Wardrobes - Kilcock","Rye Grove","No.25 Rye Grove","FK503",""
"Fajon Wardrobes - Kilcock","Rye Grove","No.26 Rye Grove","FK504",""
"Fajon Wardrobes - Kilcock","Rye Grove","No.27 Rye Grove","FK505",""
"Fajon Wardrobes - Kilcock","Rye Grove","No.28 Rye Grove","FK506",""
"Fajon Wardrobes - Kilcock","Rye Grove","No.29 Rye Grove","FK507",""
"Fajon Wardrobes - Kilcock","Rye Grove","No.3 Rye Grove","FK481",""
"Fajon Wardrobes - Kilcock","Rye Grove","No.4 Rye Grove","FK482",""
"Fajon Wardrobes - Kilcock","Rye Grove","No.5 Rye Grove","FK483",""
"Fajon Wardrobes - Kilcock","Rye Grove","No.6 Rye Grove","FK484",""
"Fajon Wardrobes - Kilcock","Rye Grove","No.7 Rye Grove","FK485",""
"Fajon Wardrobes - Kilcock","Rye Grove","No.8 Rye Grove","FK486",""
"Fajon Wardrobes - Kilcock","Rye Grove","No.9 Rye Grove","FK487",""
"Fajon Wardrobes - Kilcock","Mill Brook","No.1 Mill Brook","FK390",""
"Fajon Wardrobes - Kilcock","Mill Brook","No.10 Mill Brook","FK399",""
"Fajon Wardrobes - Kilcock","Mill Brook","No.11 Mill Brook","FK400",""
"Fajon Wardrobes - Kilcock","Mill Brook","No.12 Mill Brook","FK401",""
"Fajon Wardrobes - Kilcock","Mill Brook","No.13 Mill Brook","FK402",""
"Fajon Wardrobes - Kilcock","Mill Brook","No.15 Mill Brook","FK404",""
"Fajon Wardrobes - Kilcock","Mill Brook","No.16 Mill Brook","FK405",""
"Fajon Wardrobes - Kilcock","Mill Brook","No.17 Mill Brook","FK406",""
"Fajon Wardrobes - Kilcock","Mill Brook","No.18 Mill Brook","FK407",""
"Fajon Wardrobes - Kilcock","Mill Brook","No.19 Mill Brook","FK408",""
"Fajon Wardrobes - Kilcock","Mill Brook","No.2 Mill Brook","FK391",""
"Fajon Wardrobes - Kilcock","Mill Brook","No.20 Mill Brook","FK409",""
"Fajon Wardrobes - Kilcock","Mill Brook","No.21 Mill Brook","FK410",""
"Fajon Wardrobes - Kilcock","Mill Brook","No.3 Mill Brook","FK392",""
"Fajon Wardrobes - Kilcock","Mill Brook","No.4 Mill Brook","FK393",""
"Fajon Wardrobes - Kilcock","Mill Brook","No.6 Mill Brook","FK395",""
"Fajon Wardrobes - Kilcock","Mill Brook","No.7 Mill Brook","FK396",""
"Fajon Wardrobes - Kilcock","Mill Brook","No.8 Mill Brook","FK397",""
"Fajon Wardrobes - Kilcock","Mill Brook","No.9 Mill Brook","FK398",""
"Fajon Wardrobes - Kilcock","Mill Avenue","No.10 Mill Avenue","FK428",""
"Fajon Wardrobes - Kilcock","Mill Avenue","No.11 Mill Avenue","FK429",""
"Fajon Wardrobes - Kilcock","Mill Avenue","No.12 Mill Avenue","FK430",""
"Fajon Wardrobes - Kilcock","Mill Avenue","No.13 Mill Avenue","FK431",""
"Fajon Wardrobes - Kilcock","Mill Avenue","No.14 Mill Avenue","FK432",""
"Fajon Wardrobes - Kilcock","Mill Avenue","No.15 Mill Avenue","FK433",""
"Fajon Wardrobes - Kilcock","Mill Avenue","No.16 Mill Avenue","FK434",""
"Fajon Wardrobes - Kilcock","Mill Avenue","No.17 Mill Avenue","FK435",""
"Fajon Wardrobes - Kilcock","Mill Avenue","No.18 Mill Avenue","FK436",""
"Fajon Wardrobes - Kilcock","Mill Avenue","No.20 Mill Avenue","FK438",""
"Fajon Wardrobes - Kilcock","Mill Avenue","No.22 Mill Avenue","FK440",""
"Fajon Wardrobes - Kilcock","Mill Avenue","No.24 Mill Avenue","FK442",""
"Fajon Wardrobes - Kilcock","Mill Gate","No.46 Mill Gate","F0169",""
"Fajon Wardrobes - Kilcock","Mill Gate","No.47 Mill Gate","F0170",""
"Fajon Wardrobes - Kilcock","Mill Gate","No.48 Mill Gate","F0171",""
"Fajon Wardrobes - Kilcock","Mill Gate","No.49 Mill Gate","F0172",""
"Fajon Wardrobes - Kilcock","Mill Gate","No.50 Mill Gate","F0187",""
"Fajon Wardrobes - Kilcock","Mill Gate","No.51 Mill Gate","F0188",""
"Fajon Wardrobes - Kilcock","Mill Gate","No.52 Mill Gate","F0232",""
"Fajon Wardrobes - Kilcock","Mill Gate","No.53 Mill Gate","F0233",""
"Fajon Wardrobes - Kilcock","Mill Gate","No.54 Mill Gate","F0234",""
"Fajon Wardrobes - Kilcock","Mill Gate","No.55 Mill Gate","F0235",""
"Fajon Wardrobes - Kilcock","Mill Gate","No.56 Mill Gate","F0236",""
"Fajon Wardrobes - Kilcock","Mill Gate","No.57 Mill Gate","FK323",""
"Fajon Wardrobes - Kilcock","Mill Gate","No.58 Mill Gate","FK324",""
"Fajon Wardrobes - Kilcock","Mill Gate","No.59 Mill Gate","FK336",""
"Fajon Wardrobes - Kilcock","Mill Gate","No.60 Mill Gate","FK337",""
"Fajon Wardrobes - Kilcock","Mill Gate","No.61 Mill Gate","FK338",""
"Fajon Wardrobes - Kilcock","Mill Gate","No.62 Mill Gate","FK339",""
"Fajon Wardrobes - Kilcock","Mill Gate","No.63 Mill Gate","FK340",""
"Fajon Wardrobes - Kilcock","Mill Gate","No.64 Mill Gate","FK341",""
"Fajon Wardrobes - Kilcock","Mill Gate","No.65 Mill Gate","FK342",""
"Fajon Wardrobes - Kilcock","Mill Gate","No.66 Mill Gate","FK343",""
"Fajon Wardrobes - Kilcock","Mill Gate","No.67 Mill Gate","FK344",""
"Fajon Wardrobes - Kilcock","Mill Gate","No.68 Mill Gate","FK345",""
"Fajon Wardrobes - Kilcock","Mill Gate","No.69 Mill Gate","FK346",""
"Fajon Wardrobes - Kilcock","Mill Gate","No.70 Mill Gate","FK347",""
"Fajon Wardrobes - Kilcock","Mill Gate","No.71 Mill Gate","FK348",""
"Fajon Wardrobes - Kilcock","Mill Gate","No.72 Mill Gate","FK349",""
"Fajon Wardrobes - Kilcock","Mill Gate","No.73 Mill Gate","FK350",""
"Fajon Wardrobes - Kilcock","Mill Gate","No.74 Mill Gate","FK351",""
"Fajon Wardrobes - Kilcock","Mill Gate","No.75 Mill Gate","FK352",""
"Fajon Wardrobes - Kilcock","Mill Gate","No.76 Mill Gate","FK353",""
"Fajon Wardrobes - Kilcock","Mill Stream","No.1 Mill Stream","FK354",""
"Fajon Wardrobes - Kilcock","Mill Stream","No.2 Mill Stream","FK355",""
"Fajon Wardrobes - Kilcock","Mill Stream","No.3 Mill Stream","FK356",""
"Fajon Wardrobes - Kilcock","Rye Lane","No.1 Rye Lane","F0189",""
"Fajon Wardrobes - Kilcock","Rye Lane","No.2 Rye Lane","F0191",""
"Fajon Wardrobes - Kilcock","Rye Lane","No.3 Rye Lane","F0192",""
"Fajon Wardrobes - Kilcock","Rye Lane","No.4 Rye Lane","F0193",""
"Fajon Wardrobes - Kilcock","Rye Lane","No.5 Rye Lane","F0238",""
"Fajon Wardrobes - Kilcock","Rye Lane","No.6 Rye Lane","F0229",""
"Fajon Wardrobes - Kilcock","Rye Lane","No.7 Rye Lane","F0230",""
"Fajon Wardrobes - Kilcock","Rye Lane","No.8 Rye Lane","F0231",""
"Fajon Wardrobes - Kilcock","Rye Lane","No.9 Rye Lane","FK325",""
"Fajon Wardrobes - Kilcock","The Cresent","No.1 The Cresent","FK326",""
"Fajon Wardrobes - Kilcock","The Cresent","No.10 The Cresent","FK335",""
"Fajon Wardrobes - Kilcock","The Cresent","No.2 The Cresent","FK327",""
"Fajon Wardrobes - Kilcock","The Cresent","No.3 The Cresent","FK328",""
"Fajon Wardrobes - Kilcock","The Cresent","No.4 The Cresent","FK329",""
"Fajon Wardrobes - Kilcock","The Cresent","No.5 The Cresent","FK330",""
"Fajon Wardrobes - Kilcock","The Cresent","No.6 The Cresent","FK331",""
"Fajon Wardrobes - Kilcock","The Cresent","No.7 The Cresent","FK332",""
"Fajon Wardrobes - Kilcock","The Cresent","No.8 The Cresent","FK333",""
"Fajon Wardrobes - Kilcock","The Cresent","No.9 The Cresent","FK334",""
"Fajon Wardrobes - Kilcock","Rye Grove","No.15 Rye Grove","FK493",""
"Fajon Wardrobes - Kilcock","Rye Grove","No.18 Rye Grove","FK496",""
"Fajon Wardrobes - Kilcock","Mill Brook","No.14 Mill Brook","FK403",""
"Fajon Wardrobes - Kilcock","Mill Park","No.1 Mill Park","FK376",""
"Fajon Wardrobes - Kilcock","Mill Park","No.2 Mill Park","FK377",""
"Fajon Wardrobes - Kilcock","Mill Park","No.7 Mill Park","FK382",""
"Fajon Wardrobes - Kilcock","Mill Avenue","No.21 Mill Avenue","FK439",""
"Fajon Wardrobes - Kilcock","Mill Avenue","No.23 Mill Avenue","FK441",""
"Fajon Wardrobes - Kilcock","Mill Avenue","No.28 Mill Avenue","FK446",""
"Fajon Wardrobes - Kilcock","Mill Avenue","No.29 Mill Avenue","FK447",""
"Fajon Wardrobes - Kilcock","Mill Avenue","No.34 Mill Avenue","FK452",""
"Fajon Wardrobes - Kilcock","Mill Avenue","No.35 Mill Avenue","FK453",""
"Fajon Wardrobes - Kilcock","Mill Avenue","No.49 Mill Avenue","FK467",""
"Fajon Wardrobes - Kilcock","","General","FGKIL",""
"Fajon Wardrobes - Kilcock","","","FK508",""
"Fajon Wardrobes - Kilcock","","","FK509",""
"Fajon Wardrobes - Station Rd - Lusk","Block 6B","No.60 - Blk 6B - Station Rd Lusk","FL387",""
"Fajon Wardrobes - Station Rd - Lusk","Block 6B","No.52 - Blk 6B - Station Rd Lusk","FL379",""
"Fajon Wardrobes - Station Rd - Lusk","Block 6B","No.51 - Blk 6B - Station Rd Lusk","FL378",""
"Fajon Wardrobes - Station Rd - Lusk","Block 6B","No.50 - Blk 6B - Station Rd Lusk","FL377",""
"Fajon Wardrobes - Station Rd - Lusk","Block 6B","No.43 - Blk 6B - Station Rd Lusk","FL370",""
"Fajon Wardrobes - Station Rd - Lusk","Block 6B","No.48 - Blk 6B - Station Rd Lusk","FL375",""
"Fajon Wardrobes - Station Rd - Lusk","Block 6B","No.49 - Blk 6B - Station Rd Lusk","FL376",""
"Fajon Wardrobes - Station Rd - Lusk","Block 6B","No.47 - Blk 6B - Station Rd Lusk","FL374",""
"Fajon Wardrobes - Station Rd - Lusk","Block 6B","No.53 - Blk 6B - Station Rd Lusk","FL380",""
"Fajon Wardrobes - Station Rd - Lusk","Block 6B","No.54 - Blk 6B - Station Rd Lusk","FL381",""
"Fajon Wardrobes - Station Rd - Lusk","Block 6B","No.42 - Blk 6B - Station Rd Lusk","FL369",""
"Fajon Wardrobes - Station Rd - Lusk","Block 6B","No.46 - Blk 6B - Station Rd Lusk","FL373",""
"Fajon Wardrobes - Station Rd - Lusk","Block 6B","No.55 - Blk 6B - Station Rd Lusk","FL382",""
"Fajon Wardrobes - Station Rd - Lusk","Block 6B","No.45 - Blk 6B - Station Rd Lusk","FL372",""
"Fajon Wardrobes - Station Rd - Lusk","Block 6B","No.38 - Blk 6B - Station Rd Lusk","FL365",""
"Fajon Wardrobes - Station Rd - Lusk","Block 6B","No.44 - Blk 6B - Station Rd Lusk","FL371",""
"Fajon Wardrobes - Station Rd - Lusk","Block 6B","No.36 - Blk 6B - Station Rd Lusk","FL363",""
"Fajon Wardrobes - Station Rd - Lusk","Block 6B","No.37 - Blk 6B - Station Rd Lusk","FL364",""
"Fajon Wardrobes - Station Rd - Lusk","Block 6B","No.39 - Blk 6B - Station Rd Lusk","FL366",""
"Fajon Wardrobes - Station Rd - Lusk","Block 6B","No.35 - Blk 6B - Station Rd Lusk","FL362",""
"Fajon Wardrobes - Station Rd - Lusk","Block 6B","No.32 - Blk 6B - Station Rd Lusk","FL359",""
"Fajon Wardrobes - Station Rd - Lusk","Block 6B","No.40 - Blk 6B - Station Rd Lusk","FL367",""
"Fajon Wardrobes - Station Rd - Lusk","Block 6B","No.41 - Blk 6B - Station Rd Lusk","FL368",""
"Fajon Wardrobes - Station Rd - Lusk","Phase 6","No.09 - Ph6 - Station Rd Lusk","FL331",""
"Fajon Wardrobes - Station Rd - Lusk","Phase 6","No.13 - Ph6 - Station Rd Lusk","FL335",""
"Fajon Wardrobes - Station Rd - Lusk","Block 3B","No.02- Blk 3B Station Rd Lusk","FL265",""
"Fajon Wardrobes - Station Rd - Lusk","Phase 6","No.17 - Ph6 - Station Rd Lusk","FL339",""
"Fajon Wardrobes - Station Rd - Lusk","Block 3B","No.01- Blk 3B Station Rd Lusk","FL264",""
"Fajon Wardrobes - Station Rd - Lusk","Phase 6","No.10 - Ph6 - Station Rd Lusk","FL332",""
"Fajon Wardrobes - Station Rd - Lusk","Phase 6","No.14 - Ph6 - Station Rd Lusk","FL336",""
"Fajon Wardrobes - Station Rd - Lusk","Block 3B","No.12- Blk 3B Station Rd Lusk","FL275",""
"Fajon Wardrobes - Station Rd - Lusk","Block 3B","No.11- Blk 3B Station Rd Lusk","FL274",""
"Fajon Wardrobes - Station Rd - Lusk","Phase 6","No.11 - Ph6 - Station Rd Lusk","FL333",""
"Fajon Wardrobes - Station Rd - Lusk","Phase 6","No.15 - Ph6 - Station Rd Lusk","FL337",""
"Fajon Wardrobes - Station Rd - Lusk","Burgage Court","No.39 - Lusk","F0224",""
"Fajon Wardrobes - Station Rd - Lusk","Burgage Lane","No.45 - Lusk","FL262",""
"Fajon Wardrobes - Station Rd - Lusk","Block 4","No.20 - Blk 4 - Station Rd Lusk","FL294",""
"Fajon Wardrobes - Station Rd - Lusk","Block 6","No.122 - Blk 6 - Station Rd Lusk","FL298",""
"Fajon Wardrobes - Station Rd - Lusk","Block 4","No.04 - Blk 4 - Station Rd Lusk","FL279",""
"Fajon Wardrobes - Station Rd - Lusk","Block 6","No.108 - Blk 6 - Station Rd Lusk","FL314",""
"Fajon Wardrobes - Station Rd - Lusk","Block 6","No.113 - Blk 6 - Station Rd Lusk","FL309",""
"Fajon Wardrobes - Station Rd - Lusk","Tower Mews","No.34 - Lusk","F0144",""
"Fajon Wardrobes - Station Rd - Lusk","Block 6","No.116 - Blk 6 - Station Rd Lusk","FL306",""
"Fajon Wardrobes - Station Rd - Lusk","Saddlers Place","No.27 - Lusk","FL242",""
"Fajon Wardrobes - Station Rd - Lusk","Block 6","No.105 - Blk 6 - Station Rd Lusk","FL317",""
"Fajon Wardrobes - Station Rd - Lusk","Saddlers Place","No.26 - Lusk","FL243",""
"Fajon Wardrobes - Station Rd - Lusk","Block 6","No.115 - Blk 6 - Station Rd Lusk","FL307",""
"Fajon Wardrobes - Station Rd - Lusk","Block 4","No.02 - Blk 4 - Station Rd Lusk","FL277",""
"Fajon Wardrobes - Station Rd - Lusk","Saddlers Place","No.25 - Lusk","FL244",""
"Fajon Wardrobes - Station Rd - Lusk","Block 6","No.104 - Blk 6 - Station Rd Lusk","FL318",""
"Fajon Wardrobes - Station Rd - Lusk","Saddlers Place","No.24 - Lusk","FL245",""
"Fajon Wardrobes - Station Rd - Lusk","Block 6","No.114 - Blk 6 - Station Rd Lusk","FL308",""
"Fajon Wardrobes - Station Rd - Lusk","Block 4","No.03 - Blk 4 - Station Rd Lusk","FL278",""
"Fajon Wardrobes - Station Rd - Lusk","Saddlers Place","No.23 - Lusk","FL246",""
"Fajon Wardrobes - Station Rd - Lusk","Block 6B","No.56 - Blk 6B - Station Rd Lusk","FL383",""
"Fajon Wardrobes - Station Rd - Lusk","Saddlers Place","No.22 - Lusk","FL247",""
"Fajon Wardrobes - Station Rd - Lusk","Saddlers Place","No.21 - Lusk","FL248",""
"Fajon Wardrobes - Station Rd - Lusk","Phase 6","No.02 - Ph6 - Station Rd Lusk","FL324",""
"Fajon Wardrobes - Station Rd - Lusk","Saddlers Place","No.20 - Lusk","FL249",""
"Fajon Wardrobes - Station Rd - Lusk","Phase 6","No.03 - Ph6 - Station Rd Lusk","FL325",""
"Fajon Wardrobes - Station Rd - Lusk","Block 6B","No.58 - Blk 6B - Station Rd Lusk","FL385",""
"Fajon Wardrobes - Station Rd - Lusk","Burgage Court","No.40 - Lusk","F0225",""
"Fajon Wardrobes - Station Rd - Lusk","Burgage Lane","No.44 - Lusk","F0218",""
"Fajon Wardrobes - Station Rd - Lusk","Block 4","No.19 - Blk 4 - Station Rd Lusk","FL293",""
"Fajon Wardrobes - Station Rd - Lusk","Phase 6","No.05 - Ph6 - Station Rd Lusk","FL327",""
"Fajon Wardrobes - Station Rd - Lusk","Block 6","No.121 - Blk 6 - Station Rd Lusk","FL299",""
"Fajon Wardrobes - Station Rd - Lusk","Block 6","No.120 - Blk 6 - Station Rd Lusk","FL302",""
"Fajon Wardrobes - Station Rd - Lusk","Block 4","No.13 - Blk 4 - Station Rd Lusk","FL287",""
"Fajon Wardrobes - Station Rd - Lusk","Block 6","No.107 - Blk 6 - Station Rd Lusk","FL315",""
"Fajon Wardrobes - Station Rd - Lusk","Tower Mews","No.60 - Lusk","F0223",""
"Fajon Wardrobes - Station Rd - Lusk","Station Road","No.46 - Lusk","F0219",""
"Fajon Wardrobes - Station Rd - Lusk","Block 6B","No.59 - Blk 6B - Station Rd Lusk","FL386",""
"Fajon Wardrobes - Station Rd - Lusk","Station Road","No.47 - Lusk","F0220",""
"Fajon Wardrobes - Station Rd - Lusk","Block 6B","No.60 - Blk 6B - Station Rd Lusk","FL388",""
"Fajon Wardrobes - Station Rd - Lusk","Station Road","No.48 - Lusk","F0221",""
"Fajon Wardrobes - Station Rd - Lusk","Block 3B","No.10- Blk 3B Station Rd Lusk","FL273",""
"Fajon Wardrobes - Station Rd - Lusk","Block 3B","No.09- Blk 3B Station Rd Lusk","FL272",""
"Fajon Wardrobes - Station Rd - Lusk","Burgage Court","No.41 - Lusk","F0226",""
"Fajon Wardrobes - Station Rd - Lusk","Burgage Lane","No.43 - Lusk","F0217",""
"Fajon Wardrobes - Station Rd - Lusk","Block 4","No.18 - Blk 4 - Station Rd Lusk","FL292",""
"Fajon Wardrobes - Station Rd - Lusk","Block 6","No.123 - Blk 6 - Station Rd Lusk","FL300",""
"Fajon Wardrobes - Station Rd - Lusk","Block 4","No.05 - Blk 4 - Station Rd Lusk","FL280",""
"Fajon Wardrobes - Station Rd - Lusk","Block 6","No.106 - Blk 6 - Station Rd Lusk","FL316",""
"Fajon Wardrobes - Station Rd - Lusk","Block 6","No.112 - Blk 6 - Station Rd Lusk","FL310",""
"Fajon Wardrobes - Station Rd - Lusk","Tower Mews","No.35 - Lusk","F0145",""
"Fajon Wardrobes - Station Rd - Lusk","Block 3B","No.08- Blk 3B Station Rd Lusk","FL271",""
"Fajon Wardrobes - Station Rd - Lusk","Block 1","No.11 - Blk 1 - Station Rd Lusk","FL322",""
"Fajon Wardrobes - Station Rd - Lusk","Block 1","No.10 - Blk 1 - Station Rd Lusk","FL321",""
"Fajon Wardrobes - Station Rd - Lusk","Burgage Court","No.42 - Lusk","F0227",""
"Fajon Wardrobes - Station Rd - Lusk","Burgage Lane","No.33 - Lusk","F0146",""
"Fajon Wardrobes - Station Rd - Lusk","Block 4","No.17 - Blk 4 - Station Rd Lusk","FL291",""
"Fajon Wardrobes - Station Rd - Lusk","Phase 6","No.06 - Ph6 - Station Rd Lusk","FL328",""
"Fajon Wardrobes - Station Rd - Lusk","Block 6","No.124 - Blk 6 - Station Rd Lusk","FL301",""
"Fajon Wardrobes - Station Rd - Lusk","Block 6","No.119 - Blk 6 - Station Rd Lusk","FL303",""
"Fajon Wardrobes - Station Rd - Lusk","Block 4","No.11 - Blk 4 - Station Rd Lusk","FL286",""
"Fajon Wardrobes - Station Rd - Lusk","Tower Mews","No.59 - Lusk","F0222",""
"Fajon Wardrobes - Station Rd - Lusk","Burgage Lane","No.32 - Lusk","F0177",""
"Fajon Wardrobes - Station Rd - Lusk","Block 4","No.16 - Blk 4 - Station Rd Lusk","FL290",""
"Fajon Wardrobes - Station Rd - Lusk","Block 4","No.06 - Blk 4 - Station Rd Lusk","FL281",""
"Fajon Wardrobes - Station Rd - Lusk","Block 6","No.111 - Blk 6 - Station Rd Lusk","FL311",""
"Fajon Wardrobes - Station Rd - Lusk","Tower Mews","No.36 - Lusk","F0214",""
"Fajon Wardrobes - Station Rd - Lusk","Phase 6","No.01 - Ph6 - Station Rd Lusk","FL323",""
"Fajon Wardrobes - Station Rd - Lusk","Phase 6","No.04 - Ph6 - Station Rd Lusk","FL326",""
"Fajon Wardrobes - Station Rd - Lusk","Phase 6","No.08 - Ph6 - Station Rd Lusk","FL330",""
"Fajon Wardrobes - Station Rd - Lusk","Burgage Lane","No.31 - Lusk","F0178",""
"Fajon Wardrobes - Station Rd - Lusk","Block 4","No.15 - Blk 4 - Station Rd Lusk","FL289",""
"Fajon Wardrobes - Station Rd - Lusk","Phase 6","No.07 - Ph6 - Station Rd Lusk","FL329",""
"Fajon Wardrobes - Station Rd - Lusk","Block 6","No.118 - Blk 6 - Station Rd Lusk","FL304",""
"Fajon Wardrobes - Station Rd - Lusk","Block 4","No.10 - Blk 4 - Station Rd Lusk","FL285",""
"Fajon Wardrobes - Station Rd - Lusk","Phase 6","No.12 - Ph6 - Station Rd Lusk","FL334",""
"Fajon Wardrobes - Station Rd - Lusk","Phase 6","No.16 - Ph6 - Station Rd Lusk","FL338",""
"Fajon Wardrobes - Station Rd - Lusk","Block 1","No.01 - Blk 1 - Station Rd Lusk","FL319",""
"Fajon Wardrobes - Station Rd - Lusk","Block 1","No.02 - Blk 1 - Station Rd Lusk","FL320",""
"Fajon Wardrobes - Station Rd - Lusk","Scholars Walk","No.19 - Lusk","FL250",""
"Fajon Wardrobes - Station Rd - Lusk","Scholars Walk","No.18 - Lusk","FL251",""
"Fajon Wardrobes - Station Rd - Lusk","Burgage Lane","No.30 - Lusk","F0179",""
"Fajon Wardrobes - Station Rd - Lusk","Block 4","No.14 - Blk 4 - Station Rd Lusk","FL288",""
"Fajon Wardrobes - Station Rd - Lusk","Block 6","No.110 - Blk 6 - Station Rd Lusk","FL312",""
"Fajon Wardrobes - Station Rd - Lusk","Tower Mews","No.37 - Lusk","F0150",""
"Fajon Wardrobes - Station Rd - Lusk","Scholars Walk","No.17 - Lusk","FL252",""
"Fajon Wardrobes - Station Rd - Lusk","Scholars Walk","No.16 - Lusk","FL253",""
"Fajon Wardrobes - Station Rd - Lusk","Scholars Walk","No.15 - Lusk","FL254",""
"Fajon Wardrobes - Station Rd - Lusk","Scholars Walk","No.14 - Lusk","FL255",""
"Fajon Wardrobes - Station Rd - Lusk","Block 4","No.22 - Blk 4 - Station Rd Lusk","FL296",""
"Fajon Wardrobes - Station Rd - Lusk","Burgage Lane","No.29 - Lusk","F0216",""
"Fajon Wardrobes - Station Rd - Lusk","Block 6","No.117 - Blk 6 - Station Rd Lusk","FL305",""
"Fajon Wardrobes - Station Rd - Lusk","Block 4","No.09 - Blk 4 - Station Rd Lusk","FL284",""
"Fajon Wardrobes - Station Rd - Lusk","Block 4","No.23 - Blk 4 - Station Rd Lusk","FL297",""
"Fajon Wardrobes - Station Rd - Lusk","Scholars Walk","No.12 - Lusk","FL256",""
"Fajon Wardrobes - Station Rd - Lusk","Block 3B","No.03- Blk 3B Station Rd Lusk","FL266",""
"Fajon Wardrobes - Station Rd - Lusk","Block 3B","No.04- Blk 3B Station Rd Lusk","FL267",""
"Fajon Wardrobes - Station Rd - Lusk","Block 3B","No.05- Blk 3B Station Rd Lusk","FL268",""
"Fajon Wardrobes - Station Rd - Lusk","Block 3B","No.06- Blk 3B Station Rd Lusk","FL269",""
"Fajon Wardrobes - Station Rd - Lusk","Burgage Lane","No.28 - Lusk","F0228",""
"Fajon Wardrobes - Station Rd - Lusk","Block 4","No.08 - Blk 4 - Station Rd Lusk","FL283",""
"Fajon Wardrobes - Station Rd - Lusk","Block 6","No.109 - Blk 6 - Station Rd Lusk","FL313",""
"Fajon Wardrobes - Station Rd - Lusk","Tower Mews","No.38 - Lusk","F0151",""
"Fajon Wardrobes - Station Rd - Lusk","Block 3B","No.07- Blk 3B Station Rd Lusk","FL270",""
"Fajon Wardrobes - Station Rd - Lusk","Block 6B","No.33 - Blk 6B - Station Rd Lusk","FL360",""
"Fajon Wardrobes - Station Rd - Lusk","Block 6B","No.34 - Blk 6B - Station Rd Lusk","FL361",""
"Fajon Wardrobes - Station Rd - Lusk","Block 4","No.01 - Blk 4 - Station Rd Lusk","FL276",""
"Fajon Wardrobes - Station Rd - Lusk","Block 6B","No.57 - Blk 6B - Station Rd Lusk","FL384",""
"Fajon Wardrobes - Station Rd - Lusk","Block 4","No.07 - Blk 4 - Station Rd Lusk","FL282",""
"Fajon Wardrobes - Station Rd - Lusk","Block 4","No.21 - Blk 4 - Station Rd Lusk","FL295",""
"Fajon Wardrobes - Station Rd - Lusk","","","F0240",""
"Fajon Wardrobes - Station Rd - Lusk","Station Rd Lusk","General","FGLSR",""
"General","","Office","G0000",""
"General","Production","Workshop","G0001",""
"General","Production","Showroom","G0002",""
"General","Production","On-Site","G0003",""
"Marine View","Marine View","Mirror Frames","OMV41",""
"Marine View","Marine View","Kiosk Desk","OMV40",""
"Marine View","Marine View","MV-04-17-Kit","OMV17",""
"Marine View","Marine View","MV-04-17-Ward","OMV35",""
"Marine View","Marine View","MV-04-18-Kit","OMV18",""
"Marine View","Marine View","MV-04-18-Ward","OMV36",""
"Marine View","Marine View","MV-03-13-Ward","OMV31",""
"Marine View","Marine View","MV-03-14-Ward","OMV32",""
"Marine View","Marine View","MV-03-15-Ward","OMV33",""
"Marine View","Marine View","MV-03-16-Ward","OMV34",""
"Marine View","Marine View","MV-GF-01-Ward","OMV19",""
"Marine View","Marine View","MV-GF-04-Ward","OMV22",""
"Marine View","Marine View","MV-GF-02-Ward","OMV20",""
"Marine View","Marine View","MV-GF-03-Ward","OMV21",""
"Marine View","Marine View","MV-GF-03-Kit","OMV03",""
"Marine View","Marine View","MV-03-15-Kit","OMV15",""
"Marine View","Marine View","MV-03-16-Kit","OMV16",""
"Marine View","Marine View","MV-03-13-Kit","OMV13",""
"Marine View","Marine View","MV-03-14-Kit","OMV14",""
"Marine View","Marine View","MV-02-12-Ward","OMV30",""
"Marine View","Marine View","MV-02-10-Ward","OMV28",""
"Marine View","Marine View","MV-02-11-Ward","OMV29",""
"Marine View","Marine View","MV-02-09-Ward","OMV27",""
"Marine View","Marine View","MV-01-08-Ward","OMV26",""
"Marine View","Marine View","MV-01-06-Ward","OMV24",""
"Marine View","Marine View","MV-01-05-Ward","OMV23",""
"Marine View","Marine View","MV-01-07-Ward","OMV25",""
"Marine View","Marine View","MV-02-12-Kit","OMV12",""
"Marine View","Marine View","MV-02-10-Kit","OMV10",""
"Marine View","Marine View","MV-02-11-Kit","OMV11",""
"Marine View","Marine View","MV-02-09-Kit","OMV09",""
"Marine View","Marine View","MV-GF-02-Kit","OMV02",""
"Marine View","Marine View","MV-GF-04-Kit","OMV04",""
"Marine View","Marine View","MV-01-06-Kit","OMV06",""
"Marine View","Marine View","MV-GF-01-Kit","OMV01",""
"Marine View","Marine View","MV-01-08-Kit","OMV08",""
"Marine View","Marine View","MV-01-07-Kit","OMV07",""
"Marine View","Marine View","MV-01-05-Kit","OMV05",""
"Marine View","Gereral Kit","Marine - General - Dun Kit","OMKGE",""
"Marine View","General Ward","Marine - General - Dun Ward","OMWGE",""
"Marine View","Gereral","Marine - General - Dun","OMVGE",""
"Marine View","","Below Extras Supplied to Salthill","2",""
"Marine View","","","3",""
"Marine View","","Extras 1  - Supply and Fit Rep Worktop in","4",""
"Marine View","","Apt 13 - Called for by Aidan at OCC","11",""
"Marine View","","Quoted â¬400 ex to supply & Fit new top","5",""
"Marine View","","","6",""
"Marine View","","Extras 2  - Panels in Penthouse Apt","7",""
"Marine View","","that were damaged by others , Charge","12",""
"Marine View","","â¬200 for supply and Fit replacements","8",""
"Marine View","","","9",""
"Marine View","","Extras 3  - Supply Qty 16 Units ( Gerard )","13",""
"Marine View","","See Sketch Attached","10",""
"Marine View","","Extras 4  - Supply and Fit Rim Locks  ( Gerard )","14",""
"Marine View","","Qty 17 Rim locks supplyed and fitted on","15",""
"Marine View","","the bolier press doors","16",""
